ASIN,商品名（簡潔）,カテゴリ,価格(JPY),元価格(JPY),星評価,レビュー数,月間販売数,型番,在庫,商品URL,メイン画像,元タイトル
B0G8HJTJJD,Webカメラ,カメラ・キャプチャ,5584,,4,1,,85071A,Only 16 left in stock - order soon. Click here for details of availability.,https://www.amazon.co.jp/dp/B0G8HJTJJD,https://m.media-amazon.com/images/I/61c6erM9nTL._AC_SY300_SX300_QL70_ML2_.jpg,UGREEN FineCam 4K Webカメラ PC/Mac対応、1/2.55インチセンサー、フェイスAE、オートフォーカス、AIノイズキャンセリングマイク、ポートレートモード、ストリーミング・会議・OBS・Zoom・Teams・Switch 2に対応、プライバシーカバー、三脚付き
B0875NB89J,ルーター,ネットワーク機器,748,999,4.4,57628,4K+ bought in past month,,In Stock Click here for details of availability.,https://www.amazon.co.jp/dp/B0875NB89J,https://m.media-amazon.com/images/I/71Nlkwo94fL._AC_SY300_SX300_QL70_ML2_.jpg,"UGREEN LAN Cable CAT8 1M Mesh LAN Cable, Category 8 Connector, Ultra High Speed 40Gbps/2000MHz, CAT8 Compliant, Ethernet Cable, Prevents Clip Breakage, Shielded, Compatible with Modem, Router, PS3"
B07V78HMDQ,USB-C ケーブル 100W,ケーブル,788,1299,4.3,14671,5K+ bought in past month,,In Stock Click here for details of availability.,https://www.amazon.co.jp/dp/B07V78HMDQ,https://m.media-amazon.com/images/I/61DgZxJhEZL._AC_SY300_SX300_QL70_ML2_.jpg,"UGREEN USB Type C Cable, PD Compatible, 100W/5A, Ultra Fast Charging, Nylon Braid, Disconnection Prevention, Compatible with iPhone 17/16/15 Series, iPad, MacBook Pro, Galaxy S24, Matebook, Xperia"
B0B19HP61V,USB 延長ケーブル USB 3.0 0.5m,USB延長ケーブル,748,998,4.3,15024,1K+ bought in past month,,In Stock Click here for details of availability.,https://www.amazon.co.jp/dp/B0B19HP61V,https://m.media-amazon.com/images/I/61k2QnV6HsL._AC_SY300_SX300_QL70_ML2_.jpg,"UGREEN USB Extension Cable, USB 3.0 5Gbps High Speed Data Transfer, A-A Type Male to Female USB Extension Cord, Nylon Braided Easy to Handle, 0.5M Qualifying Invoice Available"
B0CC8V1Y5F,HDMI ケーブル 1m,ケーブル,1359,1599,4.1,11825,2K+ bought in past month,,In Stock Click here for details of availability.,https://www.amazon.co.jp/dp/B0CC8V1Y5F,https://m.media-amazon.com/images/I/71BUa5RCOlL._AC_SY300_SX300_QL70_ML2_.jpg,"UGREEN USB Type C to HDMI Conversion Cable 1M 4K@60Hz USB C to HDMI Conversion [Unidirectional Communication] [Only Supports USB-C Including DP Alt Mode] Compatible with Thunderbolt 3/4, MacBook"
B0CZDLWMFF,急速充電器,充電器,879,1099,4.3,15017,3K+ bought in past month,45275,In Stock Click here for details of availability.,https://www.amazon.co.jp/dp/B0CZDLWMFF,https://m.media-amazon.com/images/I/51YQhfXBGwL._AC_SY300_SX300_QL70_ML2_.jpg,UGREEN USB Type-C Conversion Adapter USB 3.1 10Gbps Type C Female to USB 3.0 Male Conversion QC3.0 Fast Charging and High-Speed Data Transfer Sync Compatible with Windows 10 / Mac OS MacBook iPad Pro
B07PYP57TQ,Lightning ケーブル 1m,ケーブル,1039,1272,4.4,18171,1K+ bought in past month,,In Stock Click here for details of availability.,https://www.amazon.co.jp/dp/B07PYP57TQ,https://m.media-amazon.com/images/I/61V7no1DJaL._AC_SY300_SX300_QL70_ML2_.jpg,UGREEN USB-C Lightning Cable [MFi Certified PD Compatible 1M] Fast Charging Lightning Cable High Durability Nylon Braid Compatible with iPhone 14 / 13 / 12 / 11 / X / 8 Plus and more
B0DSK82JK8,USB Type C Adapter,その他,1279,1599,4.4,19091,100+ bought in past month,40702P4A,In Stock Click here for details of availability.,https://www.amazon.co.jp/dp/B0DSK82JK8,https://m.media-amazon.com/images/I/61k+5qFzuXL._AC_SY300_SX300_QL70_ML2_.jpg,"USB Type C Adapter, UGREEN USB 3.2 Gen1 High Speed Transfer Type C Adapter, Compatible with Thunderbolt 3 OTG, Compatible with iPhone 15 Pro Max, MacBook Pro 2021, MacBook Air 2022, iPad Pro 2021 and Other USB-C Devices, 4 Pack"
B07PP2RB25,USB-C ケーブル,ケーブル,543,890,4.3,13346,2K+ bought in past month,,In Stock Click here for details of availability.,https://www.amazon.co.jp/dp/B07PP2RB25,https://m.media-amazon.com/images/I/61QVF+H+eeL._AC_SY300_SX300_QL70_ML2_.jpg,"UGREEN USB Type C Cable, USB A to USB C Cable, Nylon Braided, 3A Rapid Charging, Quick Charge 3.0/2.0 Compatible, 56K Resistor, Compatible with iPhone 17, Galaxy S24, Pixel, Google, Xperia, LG and"
B091BGMKYS,急速充電器 65W GaN 3ポート,充電器,2979,4280,4.3,12524,5K+ bought in past month,CD244,In Stock Click here for details of availability.,https://www.amazon.co.jp/dp/B091BGMKYS,https://m.media-amazon.com/images/I/51gPSgAkqWL._AC_SY300_SX300_QL70_ML2_.jpg,"UGREEN Nexode 65W Rapid Charger Type-C【Genuine Product】3-Port【USB-C *2 and USB-A*1】PD3.0 PPS GaNII Foldable Compatible with iPhone 17/16/15/MacBook/iPad/Galaxy/Android/PC/45W/30W, PSE Compliant [Black"
B0G472X5KH,スマホケース,スマホアクセサリー,5999,,,,,D320,In Stock Click here for details of availability.,https://www.amazon.co.jp/dp/B0G472X5KH,https://m.media-amazon.com/images/I/71YCsDyDaRL._AC_SY300_SX300_QL70_ML2_.jpg,UGREEN M.2 NVMe SSD ケース SATA HDD/SSD クローンスタンド 10Gbps USB 3.2 Gen2 NVMe＋2.5/3.5インチ同時接続 UASP/TRIM対応 12V/2A電源付き Windows/Mac/Linux対応
B0875VL1CJ,ルーター,ネットワーク機器,1048,1399,4.4,57628,2K+ bought in past month,,In Stock Click here for details of availability.,https://www.amazon.co.jp/dp/B0875VL1CJ,https://m.media-amazon.com/images/I/719eOx6p-FL._AC_SY300_SX300_QL70_ML2_.jpg,"UGREEN LAN Cable, 2M Mesh, Category 8 Connector, Ultra High Speed 40Gbps/2000MHz, CAT8 Compliant, Ethernet Cable, Prevents Clip Breakage, Shielded, Compatible with Modem, Router, PS3, PS4, Xbox and"
B0DY15GFNG,SDカードリーダー Type-C,SDカードリーダー,4492,5640,4.2,1313,100+ bought in past month,75028,In Stock Click here for details of availability.,https://www.amazon.co.jp/dp/B0DY15GFNG,https://m.media-amazon.com/images/I/71scB9Eu7RL._AC_SY300_SX300_QL70_ML2_.jpg,"UGREEN Revodok Pro 9-in-1 USB-C Hub, 10Gbps Data Transfer Support, 4K HDMI, Gigabit LAN, PD100W, SD/TF Card Reader, Compatible with MacBook/iPad/Surface and More"
B0DZX7X8YB,ワイヤレス充電器 25W 2-in-1 MagSafe,ワイヤレス充電器,4636,6990,3.8,1407,400+ bought in past month,W752,In Stock Click here for details of availability.,https://www.amazon.co.jp/dp/B0DZX7X8YB,https://m.media-amazon.com/images/I/51dqqFmc5pL._AC_SY300_SX300_QL70_ML2_.jpg,"UGREEN MagFlow 【World First Release, Technological Innovation】25W Qi2 Wireless Charger, Super Fast and Super Efficient Wireless Charging, MagSafe Compatible, 2-in-1 MagSafe Charger, Thermal Guard"
B0DXDT9SKW,USB-C ケーブル 100W,ケーブル,1448,2180,4.4,1612,2K+ bought in past month,,In Stock Click here for details of availability.,https://www.amazon.co.jp/dp/B0DXDT9SKW,https://m.media-amazon.com/images/I/514h8JqfVGL._AC_SY300_SX300_QL70_ML2_.jpg,"UGREEN 39.4 inches (100 cm) Retractable Type, PD 100W/5A USB-C Cable, 4 Adjustable Levels (14.2/23.6 / 39.4 inches (36/60/82/100 cm), Lightweight, Mini, Portable, Room Storage, Double Draw, Metal Finish, PPS Compatible, E-Marker iPhone 17/16/15/15/Series Compatible with Smartphones, Computer, Tablets, Type-C (Black)"
B0CFFFSFFN,HDMI ケーブル 2m,ケーブル,1279,1599,4.4,13039,500+ bought in past month,,In Stock Click here for details of availability.,https://www.amazon.co.jp/dp/B0CFFFSFFN,https://m.media-amazon.com/images/I/71zjZ-AM8ZL._AC_SY300_SX300_QL70_ML2_.jpg,"UGREEN 8K 60Hz HDMI Cable HDMI 2.1 Ultra High Speed Certified Ultra High Speed 48Gbps 10K 8K 4K UHD Dynamic HDR eARC 3D Supports Ethernet, Aluminum Alloy and Nylon Braided Material, 2M"
B0D1XLNWP2,USB-Cハブ 6-in-1 100W,USBハブ・ドック,2248,2999,4,6243,1K+ bought in past month,AMUH12H,In Stock Click here for details of availability.,https://www.amazon.co.jp/dp/B0D1XLNWP2,https://m.media-amazon.com/images/I/71khUQvGlzL._AC_SY300_SX300_QL70_ML2_.jpg,"UGREEN Revodok USB-C Hub 6-in-1 100W USB PD Compatible 4K 60Hz 10Gbps High-Speed Data Transfer HDMI Port USB C 3.2 & USB-A 3.2 Compatible with MacBook Pro/Air, iPad Pro, Thinkpad Rog Ally, etc"
B0CTC7KYZF,急速充電器 300W GaN 5ポート,充電器,13985,19980,4.3,102,100+ bought in past month,15853JP,In Stock Click here for details of availability.,https://www.amazon.co.jp/dp/B0CTC7KYZF,https://m.media-amazon.com/images/I/515h2J4MlpL._AC_SY300_SX300_QL70_ML2_.jpg,UGREEN Nexode 300W Charger [Improved Version] PD3.1 Compatible 5-Port Simultaneous Rapid Charging 4 USB-C & 1 USB-A Vertical Space-Saving Double GaNFast III (Gallium Nitride) Single Port 140W Always
B0FM45VH8N,SDカードリーダー Type-C,SDカードリーダー,31685,,4.6,28,,U707,In Stock Click here for details of availability.,https://www.amazon.co.jp/dp/B0FM45VH8N,https://m.media-amazon.com/images/I/61PIyABVlBL._AC_SY300_SX300_QL70_ML2_.jpg,UGREEN Revodok Max Thunderbolt 4 ドッキングステーション 13in1 Thunderbolt4×2+DP 2画面出力 8K@30Hz USB-A3.2 USB-C 3.2 40Gbps高速転送 180W給電 SD/TFカードリーダー/オーディオ/LAN サンダーボルト4/USB-4/サンダーボルト3対応 MacBook/Windows
B0DMN885ZF,急速充電器 45W GaN,充電器,2180,2780,4.3,1711,300+ bought in past month,X524,In Stock Click here for details of availability.,https://www.amazon.co.jp/dp/B0DMN885ZF,https://m.media-amazon.com/images/I/41qA5ApeI3L._AC_SY300_SX300_QL70_ML2_.jpg,"UGREEN 45W GaN USB-C Fast Charger Type-C PD Charger [PSE Technical Standards Compliant/GaN II Adopted] Type C PD/PPS/SCP/QC3.0 Fully Compatible with MacBook PD, iPhone 17/15/14/13/12, iPad, Galaxy"
B0CD1NVW7R,急速充電器 65W GaN 3ポート,充電器,3980,5900,4.5,1196,400+ bought in past month,CD335,In Stock Click here for details of availability.,https://www.amazon.co.jp/dp/B0CD1NVW7R,https://m.media-amazon.com/images/I/51xttq0Df9L._AC_SY300_SX300_QL70_ML2_.jpg,"UGREEN Nexode Pro Charger, 65 W, 3 Ports (2 x USB-C + 1 x USB-A), Ultra Thin 65W Rapid Charger, 0.6 inch (15 mm), PSE Certified, PD Gen., GaNInfinity Chip + UGREEN Exclusive Airpyra Technology, Type-c Foldable, PD3.0/QC4+/PPS/SCP Standard, Compatible with MacBook/Laptop/iPad/iPhone17/iPhone 17/17/1 6/15/6 Fits 14/13/12 Series"
B0BR3M8XHK,USB-Cハブ 5-in-1 100W,USBハブ・ドック,1427,2099,4.2,29349,2K+ bought in past month,CM478,In Stock Click here for details of availability.,https://www.amazon.co.jp/dp/B0BR3M8XHK,https://m.media-amazon.com/images/I/618NLia94GL._AC_SY300_SX300_QL70_ML2_.jpg,"UGREEN Revodok 105 USB C Hub, 5-in-1, HDMI Output, USB Hub, Type-C 100W, PD Fast Charging, 1 x USB 3.0 + 2 x USB 2.0 Ports, 5 Gbps, Ultra Fast Data Transfer, Slim Hub, 4K@30Hz, Compatible with Window"
B0FBWR6YL6,スマートトラッカー FineTrack,トラッカー,1399,2499,4.1,1465,1K+ bought in past month,CM919,In Stock Click here for details of availability.,https://www.amazon.co.jp/dp/B0FBWR6YL6,https://m.media-amazon.com/images/I/515cfpUQKzL._AC_SY300_SX300_QL70_ML2_.jpg,"UGREEN FineTrack Smart Finder Rechargeable Smart Tracker, Compatible with Apple ""Find"" (iOS Device Only), Anti-Find Tag, USB-C Charging, 1 Year Lasting, Ultra Thin, Anti-Lost, Device Wallet, Key Bag, Compatible with iPhone"
B0B38TWKVR,急速充電器 45W GaN,充電器,2980,3980,4.3,6924,200+ bought in past month,CD294,In Stock Click here for details of availability.,https://www.amazon.co.jp/dp/B0B38TWKVR,https://m.media-amazon.com/images/I/51rTSbAeKkL._AC_SY300_SX300_QL70_ML2_.jpg,"Ugreen Nexode Mini 45W Charger, 2 USB-C Ports, PD&PPS, Fast Charging, GaN Fast II, Compact, Folding Plug, PD/PPS/QC4+/SCP Compliant, PS/PSE Technical Standards Compliant, Charger for Many Devices"
B0DG93MZCR,急速充電器 30W GaN,充電器,1584,1980,4.2,3993,3K+ bought in past month,X515,In Stock Click here for details of availability.,https://www.amazon.co.jp/dp/B0DG93MZCR,https://m.media-amazon.com/images/I/51y+xbfhaHL._AC_SY300_SX300_QL70_ML2_.jpg,UGREEN Charger Type-C 30W (2*USB-C+1*USB-A) [PSE Technical Standards Compliance/PD3.0 Support/30W Fast Charging/Compact] GaN Adapter Compatible with iPhone 17/16/15/14/13/iPad/Galaxy S25-S10/Google
B0DNT71SNQ,USB-C ケーブル 65W,ケーブル,4220,5980,4.3,55,100+ bought in past month,X767,In Stock Click here for details of availability.,https://www.amazon.co.jp/dp/B0DNT71SNQ,https://m.media-amazon.com/images/I/51vRQK2453L._AC_SY300_SX300_QL70_ML2_.jpg,"UGREEN Type-C Charger, 65W, 5 Ports, PD Desktop Rapid Charger (4 USB-C, 1 USB-A), Simultaneous Charging, Supports PD/QC4+/PPS Standard, Power Cable Included, PSE Technology Standard, Compatible with"
B0CCVG2ML6,"モバイルバッテリー 5,000mAh MagSafe",モバイルバッテリー,3435,4190,4.3,4238,,PB560,In Stock Click here for details of availability.,https://www.amazon.co.jp/dp/B0CCVG2ML6,https://m.media-amazon.com/images/I/515JbpCBhUL._AC_SY300_SX300_QL70_ML2_.jpg,"UGREEN Magnetic Wireless Mobile Battery, Qi 7.5W, Compatible with Magnetic Wireless Charging, 5,000 mAh, Compact, USB-C Port Input/Output, USB-C Charging Cable, Meets PSE Technology Standards, Skin"
B0GD6JS49R,スマホケース,スマホアクセサリー,2078,2599,4.8,23,,LP1020,In Stock Click here for details of availability.,https://www.amazon.co.jp/dp/B0GD6JS49R,https://m.media-amazon.com/images/I/81EKyZo7yTL._AC_SY300_SX300_QL70_ML2_.jpg,UGREEN パソコンケース 360°全方位保護+二層ポケット 13-13.9インチ対応 MacBook Neo 2026 MacBook Air M5/M4/M3/M2/M1 2026-2018 MacBook Pro M2/M1 2024-2016対応 スポンジを内蔵 軽量 撥水加工 収納力豊富 衝撃吸収 ノートパソコン ケース ノートパソコン用スリーブ
B0DSPVDYQ9,"モバイルバッテリー 20,000mAh 45W",モバイルバッテリー,3979,5280,4.3,2889,500+ bought in past month,PB536,In Stock Click here for details of availability.,https://www.amazon.co.jp/dp/B0DSPVDYQ9,https://m.media-amazon.com/images/I/51ktts-3wEL._AC_SY300_SX300_QL70_ML2_.jpg,"UGREEN Mobile Battery, 20,000 mAh, Large Capacity, 45 W, Fast Charging, High Capacity, Built-in USB-C Cable, PD and PPS Compatible, Simultaneous Charging, LED Battery Display, Pass-Through/Low Current Mode, PSE Technical Standards Compliant, Compatible with iPhone 17/16/15, Android, iPad/MacBook/Switch, Carry-on Compatible, Travel/Business Trips/Outages/Emergency Use 536"
B093FKT9BF,SDカードリーダー Type-C,SDカードリーダー,3938,4799,4.2,8780,400+ bought in past month,60515,In Stock Click here for details of availability.,https://www.amazon.co.jp/dp/B093FKT9BF,https://m.media-amazon.com/images/I/61G2Gm1lcbL._AC_SY300_SX300_QL70_ML2_.jpg,UGREEN Revodok 107 USB C Hub 7-in-1 USB3.0 Hub 4K@60Hz HDMI Output 100W PD Fast Charging Type-C Adapter 2*USB 3.0 Ports 4K HDMI 100W Power Delivery Gigabit Ethernet LAN Port SD/MicroSD Card Reader
B0DY1BD3T2,USB-Cハブ 8-in-1 100W,USBハブ・ドック,3298,4399,4.4,1920,300+ bought in past month,75027,In Stock Click here for details of availability.,https://www.amazon.co.jp/dp/B0DY1BD3T2,https://m.media-amazon.com/images/I/71n3EV8NMLL._AC_SY300_SX300_QL70_ML2_.jpg,"UGREEN Revodok Pro USB-C Hub, Type-C 8-in-1, 100 W, PD Rapid Charging, 10 Gbps High Speed Data Transfer, HDMI Output, 4K@60Hz, 2 x USB A/C, MicroSD & SD Card Slots, Compatible with MacBook Pro, Air"
B0DZ1TGX6T,"モバイルバッテリー 10,000mAh 20W",モバイルバッテリー,1979,2580,4.4,630,1K+ bought in past month,PB507,In Stock Click here for details of availability.,https://www.amazon.co.jp/dp/B0DZ1TGX6T,https://m.media-amazon.com/images/I/51T4eAA5CwL._AC_SY300_SX300_QL70_ML2_.jpg,"UGREEN Mobile Battery, Small, Lightweight, 10,000 mAh, High Capacity, Simultaneous Charging of 2 Devices (USB-A x 1, USB C x 1), PD20W, Rapid Charging, Small Current Mode, Battery Level Display"
B09DCK46PM,マウス,マウス,3824,4664,4.3,1446,400+ bought in past month,90305,In Stock Click here for details of availability.,https://www.amazon.co.jp/dp/B09DCK46PM,https://m.media-amazon.com/images/I/61RZyvqnIcL._AC_SY300_SX300_QL70_ML2_.jpg,UGREEN USB Hub 7-Port 3.0 Hub 5Gbps High-Speed Transmission Self-Powered DC12V/2A AC Adapter Included Individual Switch C to A Cable 1m 7-Port Expansion Compatible with HDD/USB Memory/Keyboard/Mouse
B0D4QF7NKB,スマホホルダー,スマホアクセサリー,2760,,4.1,34,,35339,In Stock Click here for details of availability.,https://www.amazon.co.jp/dp/B0D4QF7NKB,https://m.media-amazon.com/images/I/51WTVAOr5wL._AC_SY300_SX300_QL70_ML2_.jpg,UGREEN Built-In USB-C Connector Mobile Battery 5000mAh Compact 22.5W Cordless Lightweight Type C Integrated LED Screen Remaining Capacity Display/Stand Included/PSE Compliant iPhone 17 iPad Pro Galaxy
B0CMQK8CMJ,急速充電器 100W GaN 3ポート,充電器,4880,8880,4.2,691,1K+ bought in past month,X756,In Stock Click here for details of availability.,https://www.amazon.co.jp/dp/B0CMQK8CMJ,https://m.media-amazon.com/images/I/51ss1AawMRL._AC_SY300_SX300_QL70_ML2_.jpg,UGREEN NexodeX 100W GaNII Charger 3 Ports (USB-C*2+USB-A) Type C Ultra Compact Fast Charger PD3.0/PPS/QC4+/QC3.0 Compatible [New Generation GaNInfinity™ Chip+Unique Airpyra Technology+PSE Technical
B0CCVKQ6V9,急速充電器 65W GaN,充電器,,,4.2,492,,CD381,Click here for details of availability.,https://www.amazon.co.jp/dp/B0CCVKQ6V9,https://m.media-amazon.com/images/I/61148X4Vh5L._AC_SY300_SX300_QL70_ML2_.jpg,"UGREEN Nexode Pro Charger, 65W (2 x USB-C + 1 x USB-A) type-c, Ultra Compact (Compatible with New Generation GaNInfinity Chip + UGREEN Exclusive Airpyra Technology + PSE Technology Standards), PD Rapid Charger, Metal Texture, Reinforced Heat Protection, Compatible with PD3.0/QC4+, Folding Plug for Laptops, iPad/iPhone 17/15/14/13/Galaxy S 25/Pixel Support 8/XPeria5"
B0CLGZGXMD,急速充電器 65W GaN,充電器,3780,5180,4.4,4100,500+ bought in past month,X754,In Stock Click here for details of availability.,https://www.amazon.co.jp/dp/B0CLGZGXMD,https://m.media-amazon.com/images/I/51ru6HB3+tL._AC_SY300_SX300_QL70_ML2_.jpg,UGREEN NexodeX【Smallest in our lineup】 65W Charger USB-C*2 and USB-A*1 Next-Generation GaNInfinity™ Chip Unique Airpyra Technology PD3.0/QC4+ Compatible For Home/Business/Travel Use Compatible with
B0DNT9Z2HS,急速充電器 100W GaN,充電器,5235,6980,4.2,75,500+ bought in past month,X765,In Stock Click here for details of availability.,https://www.amazon.co.jp/dp/B0DNT9Z2HS,https://m.media-amazon.com/images/I/51NVCpHBUkL._AC_SY300_SX300_QL70_ML2_.jpg,UGREEN 100W GaN Desktop Fast Charger (4*USB-C+2*USB-A) Compact【PSE Technical Standards Compliant/PD3.0/QC4.0/PPS Compatible】 Supports Multiple Devices Charging Simultaneously iPhone 17/16/15/14/13
B0982VFYYJ,急速充電器 100W GaN 4ポート,充電器,4586,6980,4.3,1888,400+ bought in past month,CD226,In Stock Click here for details of availability.,https://www.amazon.co.jp/dp/B0982VFYYJ,https://m.media-amazon.com/images/I/51hdPYyvRhL._AC_SY300_SX300_QL70_ML2_.jpg,"UGREEN Nexode 100W Charger, Rapid Type-C 4-Port [USB-C*3 and USB-A*1] PD3.0 PPS GaNII Foldable, Compatible with iPhone 17/16/15/14/MacBook/Dell/iPad/Android, PSE Compliant CD226"
B0D1XSKZRJ,USB-Cハブ 7-in-1 100W,USBハブ・ドック,4134,5699,4.1,2630,500+ bought in past month,45365,In Stock Click here for details of availability.,https://www.amazon.co.jp/dp/B0D1XSKZRJ,https://m.media-amazon.com/images/I/71TxHtv9ZuL._AC_SY300_SX300_QL70_ML2_.jpg,"UGREEN 7 in 1 Revodok Pro USB C Docking Station, 2*HDMI Output USB C Hub, 4K@60Hz HDMI Output, 2*USB A & C, 10Gbps High-Speed Data Transfer, 100W PD Fast Charging, Compatible with MacBook Air/Pro"
B0CMQL9D5Q,急速充電器 160W GaN,充電器,14980,,4.3,307,,X762,Only 18 left in stock - order soon. Click here for details of availability.,https://www.amazon.co.jp/dp/B0CMQL9D5Q,https://m.media-amazon.com/images/I/51HIow2EjOL._AC_SY300_SX300_QL70_ML2_.jpg,UGREEN NexodeX Charger Total 160W High Output Single Port 140W PD3.1 Compatible USB-C*3 and USB-A*1 PD Fast Charger New Generation GaNInfinity™ Chip Unique Airpyra Technology QC4+ Compatible Notebook
B071X44RLH,スマホケース,スマホアクセサリー,1758,,4.2,613,,40707,In Stock Click here for details of availability.,https://www.amazon.co.jp/dp/B071X44RLH,https://m.media-amazon.com/images/I/71nxBBo2hqL._AC_SY300_SX300_QL70_ML2_.jpg,"UGREEN 2.5-Inch HDD Storage Bag Case, Hard Disk Storage Case, Portable HDD Case, Shockproof, Shockproof, Dustproof, Non-Toxic, Deodorizing Treatment, 2.5-inch HDD/SSD/Power Bank/Smartphone/Camera"
B0D5415Q27,スマートトラッカー FineTrack,トラッカー,2890,3999,4.2,3851,1K+ bought in past month,45298,In Stock Click here for details of availability.,https://www.amazon.co.jp/dp/B0D5415Q27,https://m.media-amazon.com/images/I/51HwCM5E2nL._AC_SY300_SX300_QL70_ML2_.jpg,"UGREEN FineTrack Slim Smart Finder Anti-lost Tag Tracker Card Slim 0.07 inch (1.7 mm) Ultra Thin Wallet Finder, Compatible with SmartTrack Card, Apple ""Find My"" (iOS Device Only), iPhone Compatible"
B0GGJ4DRRQ,モバイルバッテリー 100W MagSafe,モバイルバッテリー,7979,9980,4.6,22,,DZ669,In Stock Click here for details of availability.,https://www.amazon.co.jp/dp/B0GGJ4DRRQ,https://m.media-amazon.com/images/I/61b6bRBnoRL._AC_SY300_SX300_QL70_ML2_.jpg,"UGREEN [New Life 4-Piece Set] 65W Multi-Port Rapid Charger, Magsafe Mobile Battery, 100W USB-C Cable, Stand, Compatible with Smartphones and Tablets, Black (Perfect Charging Set for Business Trips, Travel, Celebrations)"
B0DSPXHFBM,"モバイルバッテリー 20,000mAh 165W",モバイルバッテリー,9960,13280,4.4,1702,300+ bought in past month,PB726,In Stock Click here for details of availability.,https://www.amazon.co.jp/dp/B0DSPXHFBM,https://m.media-amazon.com/images/I/61qCB42OWNL._AC_SY300_SX300_QL70_ML2_.jpg,"Ugreen PB726 Nexode Retractable USB-C Cable Built-in Mobile Battery (20,000 mAh/165 W), Supports Rapid Charging for Laptops, Supports PD, PPS, 5A Specifications, Equipped with TFT Display, Pass-Through/Low Current Modes, PSE Technology Standards, MacBook PD Compatible, Windows PC, iPad iPhone 17, Galaxy S26, Ultra Android Smartphones, Laptops"
B0FJR9813B,"モバイルバッテリー 10,000mAh 65W",モバイルバッテリー,7485,9980,3.8,91,300+ bought in past month,PB512,In Stock Click here for details of availability.,https://www.amazon.co.jp/dp/B0FJR9813B,https://m.media-amazon.com/images/I/51vyrrFfuBL._AC_SY300_SX300_QL70_ML2_.jpg,"UGREEN PB512 Mobile Battery with Outlet, 10,000 mAh, 65 W, Rapid Charging, 3-in-1 AC Plug + USB-C Cable, 3 Ports, Compatible with Laptop (MacBook), 65 W Charger, Mobile Battery, 45 W, Folding Plug"
B0DMZWD4JP,イヤホン Bluetooth ANC,イヤホン・ヘッドホン,2399,3099,3.9,5168,1K+ bought in past month,45785,In Stock Click here for details of availability.,https://www.amazon.co.jp/dp/B0DMZWD4JP,https://m.media-amazon.com/images/I/61mLAGzBnXL._AC_SY300_SX300_QL70_ML2_.jpg,"UGREEN Earcuff Earphones, Bluetooth 5.4, Hi-Fi Sound Quality, ENC Equipped, AI Calls, Noise Cancelling, Open Ear, Pinch Type, Fully Wireless, IPX5 Waterproof, Up to 30 Hours of Playback (Black)"
B0FNWYD2LC,NAS,ネットワーク機器,27940,32880,4.2,181,300+ bought in past month,DH2300（HDD付属なし）,In Stock Click here for details of availability.,https://www.amazon.co.jp/dp/B0FNWYD2LC,https://m.media-amazon.com/images/I/51Esaa52phL._AC_SY300_SX300_QL70_ML2_.jpg,"UGREEN NASync DH2300 2-Bay Desktop NAS NFC One-Touch Connection, Supports 4K Video Playback, Up to 64 TB Storage, 4 GB RAM, Onboard Memory, Backup for Beginners, Easy Setup"
B0DNSQWV5M,USB-C ケーブル 45W,ケーブル,3580,4580,4.1,595,200+ bought in past month,X604,In Stock Click here for details of availability.,https://www.amazon.co.jp/dp/B0DNSQWV5M,https://m.media-amazon.com/images/I/51ApVXiOefL._AC_SY300_SX300_QL70_ML2_.jpg,UGREEN 【Smallest Retractable Charger by Our Company】45W Retractable Fast Charger 3-Port with USB-C Cable (69cm 8-Step Adjustable) 【PSE Technical Standards Compliant】Type-C PD Charger GaN III
B0DL9MHFJJ,急速充電器 500W GaN 6ポート,充電器,22784,29980,4.6,53,50+ bought in past month,X759,In Stock Click here for details of availability.,https://www.amazon.co.jp/dp/B0DL9MHFJJ,https://m.media-amazon.com/images/I/713u9WoQenL._AC_SY300_SX300_QL70_ML2_.jpg,UGREEN 500W Charger Type-C Desktop Fast Charging [Single Port Max 240W High Output] GaN PD3.1 240W 6 Ports: 5×USB-C 1×USB-A 6 Devices Fast Charging Simultaneously Compatible with Smartphone/PC
B0BXDQS4BD,USB-Cハブ 10-in-1 100W,USBハブ・ドック,6423,8490,4.3,3251,300+ bought in past month,15534,In Stock Click here for details of availability.,https://www.amazon.co.jp/dp/B0BXDQS4BD,https://m.media-amazon.com/images/I/71UjU1wR2ML._AC_SY300_SX300_QL70_ML2_.jpg,"UGREEN Revodok Pro 210 10 in 1 USB-C Docking Station USB C Hub, 2 HDMI Extensions 4K@60Hz, 1 Extended 8K@30Hz, USB A *3+ USB-C 5Gbps Data Transfer Port, 100W PD Fast Charging, 1Gbps Ethernet Port, SD"
B0CXHM5RY2,"モバイルバッテリー 25,000mAh 200W",モバイルバッテリー,12435,16580,4.4,8208,50+ bought in past month,35525,In Stock Click here for details of availability.,https://www.amazon.co.jp/dp/B0CXHM5RY2,https://m.media-amazon.com/images/I/61TZG7+-ziL._AC_SY300_SX300_QL70_ML2_.jpg,"Ugreen PB722 Nexode Mobile Battery (25,000 mAh/200 W), 3 Ports, 2 USB-C, 1 USB-A, Innovative TFT Display, PD3.1, Supports Rapid Charging, Large Capacity, Vertical Design, Space Saving, Pass-through"
B0FGX5JN2X,ワイヤレス充電器 15W 2-in-1 MagSafe,ワイヤレス充電器,3142,4190,4.1,879,1K+ bought in past month,W701,In Stock Click here for details of availability.,https://www.amazon.co.jp/dp/B0FGX5JN2X,https://m.media-amazon.com/images/I/41RvMUCTmfL._AC_SY300_SX300_QL70_ML2_.jpg,UGREEN Zapix Wireless Charger MagSafe 15W Qi2 Certified 2-in-1 Earphones iPhone Wireless Charging Magnetic Type [For Desktop/48° Perfect Angle] Compatible with iPhone 17/16/15/14/13/12 Series
B0FHHNTC1J,"モバイルバッテリー 20,000mAh 67W",モバイルバッテリー,6384,7980,4.6,393,500+ bought in past month,PB550,In Stock Click here for details of availability.,https://www.amazon.co.jp/dp/B0FHHNTC1J,https://m.media-amazon.com/images/I/517eEytuqGL._AC_SY300_SX300_QL70_ML2_.jpg,"Ugreen PB550 67W Rapid Charging Mobile Battery, 20,000 mAh High Capacity, USB C Cable, Can Charge Laptops, 3 Ports, PD Compatible, Xiaomi (Xiaomi) Compatible, Display Included, PSE Certified, Carry-on"
B0F37VLJQW,"モバイルバッテリー 10,000mAh 30W MagSafe",モバイルバッテリー,6706,9580,4.4,1628,300+ bought in past month,PB773,In Stock Click here for details of availability.,https://www.amazon.co.jp/dp/B0F37VLJQW,https://m.media-amazon.com/images/I/41kh3mS30-L._AC_SY300_SX300_QL70_ML2_.jpg,"UGREEN MagFlow Qi2 25W Certified Power Bank (10000mAh・30W) with Built-in USB-C Cable for iPhone 17-16 Series, 25W Magsafe Compatible, Magnetic Wireless Fast Charging, Display, 25W Wireless Charging"
B0DG8Z9Y1R,急速充電器 30W GaN,充電器,1390,1680,4.4,594,500+ bought in past month,X513,In Stock Click here for details of availability.,https://www.amazon.co.jp/dp/B0DG8Z9Y1R,https://m.media-amazon.com/images/I/51vfmT3tFDL._AC_SY300_SX300_QL70_ML2_.jpg,UGREEN 30W USB-C Charger Type C [PSE Technical Standards Compliant/PD3.0 Compatible/30W Fast Charging] Compact Design GaN Charger Compatible with iPhone 17/16/15/14/13/iPad/Galaxy S25-S10/Various
B0FJMFT169,"モバイルバッテリー 10,000mAh 45W",モバイルバッテリー,5309,6580,4.3,430,200+ bought in past month,75701,In Stock Click here for details of availability.,https://www.amazon.co.jp/dp/B0FJMFT169,https://m.media-amazon.com/images/I/510rtqbpdCL._AC_SY300_SX300_QL70_ML2_.jpg,UGREEN Our Company's Ultra-Compact (10000mAh・PD45W) Mobile Power Bank Small Size Lightweight High Capacity High Output Integrated Charging Cable Easy to Carry Convenient Real-Time Display Compatible
B0F6NFHB31,"モバイルバッテリー 5,000mAh 15W MagSafe",モバイルバッテリー,4485,5980,4.1,246,500+ bought in past month,PB580,In Stock Click here for details of availability.,https://www.amazon.co.jp/dp/B0F6NFHB31,https://m.media-amazon.com/images/I/517XPYZ1bjL._AC_SY300_SX300_QL70_ML2_.jpg,"UGREEN Air PB580 Mobile Battery, Magnetic Wireless Charging, 0.3 inch (8.6 mm) Ultra Thin, Qi2 Certified, 15W Fast Charging, MagSafe Compatible, 5,000 mAh, Lightweight, Compact, Portable, USB-C PD"
B0DNSQCRJB,USB-C ケーブル 65W,ケーブル,3780,5880,4.1,893,1K+ bought in past month,X605,In Stock Click here for details of availability.,https://www.amazon.co.jp/dp/B0DNSQCRJB,https://m.media-amazon.com/images/I/51uqA7meEuL._AC_SY300_SX300_QL70_ML2_.jpg,UGREEN 65W Charger with Retractable Cable【Single Port 65W】69 cm 8-Step Adjustable Extendable Type-C Cable Built-in USB-C/USB-A 3 Ports Simultaneous Charging Possible PD3.0/PPS Suitable for Travel
B0CSSRD4NT,"モバイルバッテリー 20,000mAh 20W",モバイルバッテリー,3034,4280,4.2,3928,400+ bought in past month,PB312,In Stock Click here for details of availability.,https://www.amazon.co.jp/dp/B0CSSRD4NT,https://m.media-amazon.com/images/I/51tAc9spr3L._AC_SY300_SX300_QL70_ML2_.jpg,"UGREEN PB312 Mobile Battery, 20,000 mAh, Large Capacity, Simultaneous Charging, 2 USB-A, 1 USBC, PD, 20 W, 22.5 W, Rapid Charging, Pass-Through Function, Low Current Mode, LCD Battery Level Display, Compact, PSE Technology Standards Compliant, Compatible with iPhone 17, Android and iPad Devices, Black"
B0CCVQB7MY,急速充電器 100W GaN 3ポート,充電器,6980,,4.4,832,,X757,In Stock Click here for details of availability.,https://www.amazon.co.jp/dp/B0CCVQB7MY,https://m.media-amazon.com/images/I/51jZCX-yQNL._AC_SY300_SX300_QL70_ML2_.jpg,UGREEN Nexode Pro Charger 100W 3 Ports Compact and Lightweight 【Next-Generation GaNInfinity™ Chip + UGREEN Proprietary Airpyra Technology】PD Fast Charger USB-C*2 and USB-A*1 PD3.0/QC4+ Compatible
B0D1XT3ZJ7,USB-Cハブ 4-in-1 100W,USBハブ・ドック,2249,2999,4,334,100+ bought in past month,35590,In Stock Click here for details of availability.,https://www.amazon.co.jp/dp/B0D1XT3ZJ7,https://m.media-amazon.com/images/I/71B7J5TziZL._AC_SY300_SX300_QL70_ML2_.jpg,"UGREEN USB C Hub 4-in-1 Magnetic USB-C to HDMI Adapter 4K@60Hz Foldable Portable USB C Hub 100W PD Charging USB-A3.0 & USB-C3.0 5Gbps Data Port Compatible with iPhone 15/16 Series, Galaxy S24, iPad"
B0F6NC41DZ,"モバイルバッテリー 10,000mAh 30W MagSafe",モバイルバッテリー,5985,7980,4.4,151,300+ bought in past month,PB570,In Stock Click here for details of availability.,https://www.amazon.co.jp/dp/B0F6NC41DZ,https://m.media-amazon.com/images/I/61Au4ZoBYgL._AC_SY300_SX300_QL70_ML2_.jpg,"Ugreen Air PB570 Mobile Battery, Magnetic Wireless Charging, Thin, 10,000 mAh, Qi2 Certified, 15W, MagSafe Compatible, Built-in Cable, USB-C PD, 30W High Output, Lightweight, Compact, Portable"
B0D7CG2PHM,"モバイルバッテリー 10,000mAh 20W",モバイルバッテリー,5229,6980,4.4,1750,100+ bought in past month,PB572,In Stock Click here for details of availability.,https://www.amazon.co.jp/dp/B0D7CG2PHM,https://m.media-amazon.com/images/I/61w9BqTUv4L._AC_SY300_SX300_QL70_ML2_.jpg,"UGREEN Uno PowerBank Magnet (10,000 mAh, Qi, 7.5W USB-C x1) with Foldable Stand, Mobile Battery, Qi Wireless Charging Compatible, TFT Screen with Expression Display, Type-C PD 20W Fast Charging"
B0CXHRNVNW,スマホホルダー,スマホアクセサリー,2760,3680,4.1,799,50+ bought in past month,35338,In Stock Click here for details of availability. Only 1 left in stock - order soon. Click here for details of availability.,https://www.amazon.co.jp/dp/B0CXHRNVNW,https://m.media-amazon.com/images/I/51Q4ShyPSEL._AC_SY300_SX300_QL70_ML2_.jpg,"UGREEN PB503 Power Bank with Built-in USB-C Connector, 5,000 mAh, Small and Compact, 22.5 W, Cordless, Lightweight, Integrated USBC, LED Screen Display and Stand Included, PSE Technical Standards"
B0C3GTMX5M,"モバイルバッテリー 20,000mAh 100W",モバイルバッテリー,7480,9999,4.4,5034,500+ bought in past month,25188,In Stock Click here for details of availability.,https://www.amazon.co.jp/dp/B0C3GTMX5M,https://m.media-amazon.com/images/I/514bgqH8f8L._AC_SY300_SX300_QL70_ML2_.jpg,"Ugreen PB720 100 W Mobile Battery, PD / PPS 2.0 Compatible, 20,000 mAh, High Capacity, 3 Ports, 2 USB-C, 1 USB-A, Pass-Through Function, Low Current Mode, Supports 65 W Fast Charging, Multi-Protective Functions, PSE Technology Standards Compliant, Macbook, Windows PC, iPad Pro, iPhone 17, Galaxy S26, Galaxy S26 Ultra Android Smartphones, Laptops, and More"
B0CYZQ8HVG,急速充電器 100W GaN 4ポート,充電器,6280,9180,4.4,308,,X562,In Stock Click here for details of availability.,https://www.amazon.co.jp/dp/B0CYZQ8HVG,https://m.media-amazon.com/images/I/51nhGp6DYpL._AC_SY300_SX300_QL70_ML2_.jpg,"UGREEN X562 Nexode Charger, 100W 4-Port Type C Rapid Charger USB-C PD 3.0 GaNInfinity Gum Nitride PPS Standard, Foldable Lightweight for iPhone 17/16 / Android Galaxy Macbook iPad Compatible with Laptops and USB-C Devices, PSE Tech Standards Black"
B0BJ6YJKDX,急速充電器 20W GaN,充電器,1398,1780,4.4,2864,200+ bought in past month,CD318,In Stock Click here for details of availability.,https://www.amazon.co.jp/dp/B0BJ6YJKDX,https://m.media-amazon.com/images/I/5161YncJw4L._AC_SY300_SX300_QL70_ML2_.jpg,"UGREEN Nexode Mini 20W PD Charger, USB-C Rapid Charger [GaNFast II (Gallium Nitride) Adopted, Ultra Compact, Foldable Plug, PD3.0/PPS/QC4+ Compatible/PSE Technical Standards Compliant] Type-C"
B0CYZHY7BX,急速充電器 100W GaN 5ポート,充電器,6280,8990,4.2,688,,X563,In Stock Click here for details of availability.,https://www.amazon.co.jp/dp/B0CYZHY7BX,https://m.media-amazon.com/images/I/51QARqcuT5L._AC_SY300_SX300_QL70_ML2_.jpg,"UGREEN Nexode Charger 100W with 5 Ports, Compatible with iPhone 17, Type C Fast Charger, USB-C×4 & USB-A×1, PD3.0, GaN Infinity, Gallium Nitride, PPS Standard Compliant, Foldable, Lightweight"
B0CYZ52VPX,急速充電器 65W GaN 4ポート,充電器,3780,4880,4.4,4100,300+ bought in past month,X559,In Stock Click here for details of availability.,https://www.amazon.co.jp/dp/B0CYZ52VPX,https://m.media-amazon.com/images/I/61qJ4S4UO5L._AC_SY300_SX300_QL70_ML2_.jpg,"UGREEN 65W Rapid Charger, 4 Ports, USB-C x 3 + USB-A x 1, Type C, PD3.0, GaNII Charger, Compatible with iPhone 16, Android, Galaxy, Macbook, iPad, PC, and Other USB-C Devices, PSE (Black)"
B0D4LV836Z,HDMI ケーブル,ケーブル,9449,13499,4.1,402,100+ bought in past month,25173,In Stock Click here for details of availability.,https://www.amazon.co.jp/dp/B0D4LV836Z,https://m.media-amazon.com/images/I/713wErrfRbL._AC_SY300_SX300_QL70_ML2_.jpg,"UGREEN 4K@60Hz HDMI Capture Board with Pass-through Function 1080P@240Hz HDR VRR USB3.1 Gen1 5Gbps Ultra-low Latency High-speed Transfer for Game Streaming, Live Streaming, Recording, Screen Sharing"
B0F94D2JB6,イヤホン Bluetooth,イヤホン・ヘッドホン,1749,2499,4.1,283,500+ bought in past month,WS220,In Stock Click here for details of availability.,https://www.amazon.co.jp/dp/B0F94D2JB6,https://m.media-amazon.com/images/I/61U5IAPZidL._AC_SY300_SX300_QL70_ML2_.jpg,"(2026 Newest Version) UGREEN Dots Wireless Earphones, Bluetooth 6.0, Ultra Small, 0.08s Low Latency, App Custom Operation, Rapid Charging, Does Not Clog Ears, Black"
B0CWV5LG6M,イヤホン Bluetooth ANC,イヤホン・ヘッドホン,3244,4990,4.1,2448,200+ bought in past month,HP203,In Stock Click here for details of availability.,https://www.amazon.co.jp/dp/B0CWV5LG6M,https://m.media-amazon.com/images/I/612TMuDXB0L._AC_SY300_SX300_QL70_ML2_.jpg,"UGREEN Bluetooth Wireless Headphones, Ultra Noise Cancelling, LDAC High Resolution Sound Quality, Bluetooth 5.4, Wired / Wireless, Up to 75 Hours of Music Playback, Multi-Point Compatible, External"
B0CXHNGDC1,"モバイルバッテリー 20,000mAh 130W",モバイルバッテリー,7998,10980,4.4,8208,100+ bought in past month,PB721,In Stock Click here for details of availability. Only 1 left in stock - order soon. Click here for details of availability.,https://www.amazon.co.jp/dp/B0CXHNGDC1,https://m.media-amazon.com/images/I/517mji2KCYL._AC_SY300_SX300_QL70_ML2_.jpg,"Ugreen PB721 Mobile Battery (20,000 mAh/130 W), 3 Ports: USB-C x 2, USB-A x 1, Innovative TFT Display, Supports PD and PPS Rapid Charging, Vertical Design, Pass-Through/Low Current Modes, PSE Technology Standards Compliant, MacBook/iPhone 17/16/15/Galaxy/Windows/PC/iPad/Android/Smartphones/Laptop/Other"
B0BLNDNBG1,SDカードリーダー Type-C,SDカードリーダー,3093,3899,4.2,9341,300+ bought in past month,15214,In Stock Click here for details of availability.,https://www.amazon.co.jp/dp/B0BLNDNBG1,https://m.media-amazon.com/images/I/61rLe4YdHqL._AC_SY300_SX300_QL70_ML2_.jpg,"UGREEN Revodok 1071 USB-C Hub, 7-IN-1 USB Hub, Type-C PD100W Fast Charging, USB-C 5Gbps Fast Transfer, 4K HDMI Hub, USB 3.0, 2 Ports Expansion, SD Micro SD/TF Card Reader, Type C Adapter for Mac Air"
B0FJR63WW4,"モバイルバッテリー 25,000mAh 200W",モバイルバッテリー,10935,14580,4.5,196,100+ bought in past month,PB728,In Stock Click here for details of availability.,https://www.amazon.co.jp/dp/B0FJR63WW4,https://m.media-amazon.com/images/I/510dZUE-PcL._AC_SY300_SX300_QL70_ML2_.jpg,"Ugreen PB728 Mobile Battery, 25,000 mAh, 200 W, High Output, Fast Charging, 3C1A / 4 Ports, Retractable USB-C Cable & Built-in Cable, No Removing Required, Equipped with TFT Display, PD Compatible"
B0DZX8G1ZB,イヤホン Bluetooth ANC,イヤホン・ヘッドホン,3594,5990,3.8,669,500+ bought in past month,WS213,In Stock Click here for details of availability.,https://www.amazon.co.jp/dp/B0DZX8G1ZB,https://m.media-amazon.com/images/I/61H5jUUXUmL._AC_SY300_SX300_QL70_ML2_.jpg,"UGREEN FitBuds Bluetooth 6.0 Wireless Open-Ear Earbuds, 0.7 inch (18 mm) Titanium Drivers, Total 28 Hours Playback, 4 Mic Noise Cancelling Technology, IPX5 Waterproof), Hi-Fi Sound Quality, DNN Noi Can, Connect 2 Devices Simultaneously, App Custom Operation, Supports Rapid Charging, IMAX Class Bass Experience, Sound Leak Reduction, No Clogging Ears, Black"
B0BJ6BB44D,急速充電器 30W GaN,充電器,2080,2780,4.3,12509,200+ bought in past month,CD319,In Stock Click here for details of availability.,https://www.amazon.co.jp/dp/B0BJ6BB44D,https://m.media-amazon.com/images/I/51TzmIWMcPL._AC_SY300_SX300_QL70_ML2_.jpg,UGREEN Nexode Mini 30W PD Charger USB-C Rapid Charger [GaNFast II (Gallium Nitride) Adopted Ultra Compact Folding Plug PD/PPS/QC4+/SCP Standard Compatible/PSE Technical Standards Compliant] Type C
B0F94D64P3,イヤホン Bluetooth ANC,イヤホン・ヘッドホン,2793,3990,4,937,1K+ bought in past month,75624,In Stock Click here for details of availability.,https://www.amazon.co.jp/dp/B0F94D64P3,https://m.media-amazon.com/images/I/617l6Q0Y7sL._AC_SY300_SX300_QL70_ML2_.jpg,"UGREEN ClipBuds Bluetooth 6.0 Open-Ear Earbuds, Clip Type Earbuds, Ear Cuffs, ENC Noise Canceling Technology, 0.57 inch (12 mm) Titanium Driver, Total 30 Hours Playtime, 4 Microphones, IPX5 Waterproof, AI Call Noise-Cancellation, Hi-Fi Sound Quality, Ultra Lightweight, Connect 2 Devices Simultaneously, Sound Leakage Reduction, Custom Operation, Rapid Charging, Black"
B0G64Z8YP2,USB-Cハブ 5-in-1 100W,USBハブ・ドック,1948,2599,4.4,38,200+ bought in past month,95189,In Stock Click here for details of availability.,https://www.amazon.co.jp/dp/B0G64Z8YP2,https://m.media-amazon.com/images/I/51P0Mwzr5VL._AC_SY300_SX300_QL70_ML2_.jpg,"UGREEN USB Hub, 5 in 1 HDMI Output, 4K @ 60Hz, 10 Gbps, High Speed Transfer, One-Touch Screen Off Function + Cable Storage Design, USB-C 3.2 + HDMI + USB-A 2.0 x 2 + PD100W, Type-C PC/Smartphone"
B0BN688W42,急速充電器 65W GaN 3ポート,充電器,2979,4280,4.3,12524,500+ bought in past month,CD244,In Stock Click here for details of availability.,https://www.amazon.co.jp/dp/B0BN688W42,https://m.media-amazon.com/images/I/41fkgL6G5LL._AC_SY300_SX300_QL70_ML2_.jpg,"UGREEN Nexode 65W Rapid Charger Type-C【Genuine Product】3-Port【USB-C*2 and USB-A*1】PD3.0 PPS GaNII Foldable Compatible with iPhone 17/15/MacBook/iPad/Galaxy/Android/PC, PSE Compliant [Blue]"
B0GDCPBYHF,急速充電器 65W GaN,充電器,3210,4280,4.6,52,500+ bought in past month,X860,In Stock Click here for details of availability.,https://www.amazon.co.jp/dp/B0GDCPBYHF,https://m.media-amazon.com/images/I/61ks+MVFSeL._AC_SY300_SX300_QL70_ML2_.jpg,"Ugreen Air 65W USB-C Ultra Compact GaN Rapid Charger, Folding Plug, 1.3 x 1.2 x 1.6 inches (33 x 31 x 40.4 mm), Compatible with iPhone 17/16/15/14/13, MacBook Air, iPad, Galaxy, Android, Smartphones"
B0CCVPB4PC,急速充電器 160W GaN 3ポート,充電器,11536,,4.4,613,,X763,In Stock Click here for details of availability.,https://www.amazon.co.jp/dp/B0CCVPB4PC,https://m.media-amazon.com/images/I/51wNMOzjL6L._AC_SY300_SX300_QL70_ML2_.jpg,UGREEN Nexode Pro Charger 160W 3 Ports Single Port 140W [New Generation GaN Infinity™ Chip + UGREEN's Unique Airpyra Technology] PD Fast Charger USB-C*2 and USB-A*1 PD3.0/QC4+ Compatible Foldable Plug
B0DK14GTR2,スマホホルダー,スマホアクセサリー,1344,1680,3.8,4862,1K+ bought in past month,CM762,In Stock Click here for details of availability.,https://www.amazon.co.jp/dp/B0DK14GTR2,https://m.media-amazon.com/images/I/61-nLoRf00L._AC_SY300_SX300_QL70_ML2_.jpg,"UGREEN WiFi Wireless LAN Device WiFi 6 USB Adapter AX900, 600Mbps + 287Mbps, Compatible with Windows 11/10, 5GHz/2.4GHz Dual-Band, 802.11a/b/g/n/ac/ax Wireless Standards, SoftAP Function Supported"
B0CXJ1F1M7,"モバイルバッテリー 12,000mAh 100W",モバイルバッテリー,5990,7820,4.4,8208,50+ bought in past month,PB724,In Stock Click here for details of availability.,https://www.amazon.co.jp/dp/B0CXJ1F1M7,https://m.media-amazon.com/images/I/51KROh6Va7L._AC_SY300_SX300_QL70_ML2_.jpg,UGREEN Nexode Power Bank (12000mAh・100W) 2-Port USB-C + USB-A Compact Small Vertical Design Space-Saving Large Capacity PD Fast Charging Compatible LCD Display Pass-Through Function Low Current Mode
B0CT2JNCT5,"モバイルバッテリー 10,000mAh 20W",モバイルバッテリー,1979,2580,4.4,630,500+ bought in past month,PB507,In Stock Click here for details of availability.,https://www.amazon.co.jp/dp/B0CT2JNCT5,https://m.media-amazon.com/images/I/41DfpBYQC8L._AC_SY300_SX300_QL70_ML2_.jpg,"Ugreen PB507 Mobile Battery, Small, Lightweight, 10,000 mAh, Large Capacity, Simultaneous Charging of 2 Devices (1 USB-A, 1 USBC), PD20W, Rapid Charging, Small Current Mode, Battery Level Display"
B0F48HV99S,"モバイルバッテリー 5,000mAh 15W MagSafe",モバイルバッテリー,4485,5980,4.1,246,100+ bought in past month,PB580,In Stock Click here for details of availability.,https://www.amazon.co.jp/dp/B0F48HV99S,https://m.media-amazon.com/images/I/518gzAKUqKL._AC_SY300_SX300_QL70_ML2_.jpg,"UGREEN Air PB580 Mobile Battery, Magnetic Wireless Charging, 0.3 inch (8.6 mm) Ultra Thin, Qi2 Certified, 15W Fast Charging, MagSafe Compatible, 5,000 mAh, Lightweight, Compact, Portable, USB-C PD"
B0BW3VHCD5,USB-Cハブ 5-in-1 100W,USBハブ・ドック,1943,2399,4.2,29349,100+ bought in past month,15596,In Stock Click here for details of availability.,https://www.amazon.co.jp/dp/B0BW3VHCD5,https://m.media-amazon.com/images/I/61clpS0XRkL._AC_SY300_SX300_QL70_ML2_.jpg,"UGREEN Revodok 105 USB C Hub, 5-in-1, HDMI Output, USB Hub, Type-C 100W, PD Rapid Charging, 3 x USB 3.0, 5 Gbps, Ultra Fast Data Transfer, Slim Hub, 4K@30Hz, Compatible with Windows, MacOS, Linux, IOS"
B0DMFBXPDP,"モバイルバッテリー 20,000mAh 130W",モバイルバッテリー,7990,11580,4.1,406,50+ bought in past month,PB723,In Stock Click here for details of availability.,https://www.amazon.co.jp/dp/B0DMFBXPDP,https://m.media-amazon.com/images/I/51m0KrKJ2uL._AC_SY300_SX300_QL70_ML2_.jpg,"UGREEN Nexode Mobile Battery with Built-in USB-C Cable (20000mAh/130W) PD/PPS Fast Charging Compatible, Large Capacity, Vertical Design, Space-Saving, Pass-Through/Low Current Mode, PSE Technical"
B07BPSSW8N,HDMI ケーブル 3m,ケーブル,2209,2599,4.1,11825,300+ bought in past month,,In Stock Click here for details of availability.,https://www.amazon.co.jp/dp/B07BPSSW8N,https://m.media-amazon.com/images/I/71BUa5RCOlL._AC_SY300_SX300_QL70_ML2_.jpg,"UGREEN USB Type C HDMI Conversion Cable 3M 4K@60Hz USB C to HDMI Conversion 【Unidirectional Transmission】【Only Supports USB-C Including DP Alt Mode】Compatible with Thunderbolt 3/4, MacBook/MacBook Air"
B0BW2TLQ8S,USB-Cハブ 6-in-1 100W,USBハブ・ドック,2999,3999,4.2,3801,500+ bought in past month,15598,In Stock Click here for details of availability.,https://www.amazon.co.jp/dp/B0BW2TLQ8S,https://m.media-amazon.com/images/I/61t9zD3NI6L._AC_SY300_SX300_QL70_ML2_.jpg,UGREEN Revodok 1061 USB-C Hub 6-IN-1 4K@30Hz HDMI Output Type-C Adapter 4K HDMI 100W Power Delivery Fast Charging Gigabit Ethernet LAN Port 3*USB 3.0 Ports Compatible with Windows; Linux; MAC; iPad
B0CH33F5P2,"モバイルバッテリー 10,000mAh 20W MagSafe",モバイルバッテリー,3735,4496,4.4,15774,100+ bought in past month,PB561,In Stock Click here for details of availability.,https://www.amazon.co.jp/dp/B0CH33F5P2,https://m.media-amazon.com/images/I/51vN5HSukQL._AC_SY300_SX300_QL70_ML2_.jpg,"UGREEN PB561 Magnetic Wireless Mobile Battery, Qi, 7.5W, Compatible with Magnetic Wireless Charging, 10,000 mAh, 10N, Super Strong Adsorption, Compact, USB-C Input and Output, PD 20W, Supports Rapid Charging, PSE Technology Standard, Skin Friendly Silicone Material, iPhone 15-12 Series, 7.5W, Compatible with Wireless Charging, Magnetic Compatible, Black"
B0CJY37RT3,"モバイルバッテリー 48,000mAh 300W",モバイルバッテリー,16436,22980,4.2,232,50+ bought in past month,PB770,In Stock Click here for details of availability.,https://www.amazon.co.jp/dp/B0CJY37RT3,https://m.media-amazon.com/images/I/61zxuqNIH+L._AC_SY300_SX300_QL70_ML2_.jpg,UGREEN Nexode Mobile Battery (48000mAh・300W) 5 Ports 3 USB-C + 2 USB-A Input/Output PD3.1 140W Fast Charging Compatible Handle/Large Digital Display/LED Light/240W Charging Cable Included Vertical
B0DG91Q6YD,急速充電器 200W GaN 4ポート,充電器,11980,,4.1,245,,X764,In Stock Click here for details of availability.,https://www.amazon.co.jp/dp/B0DG91Q6YD,https://m.media-amazon.com/images/I/51F2fz5ObwL._AC_SY300_SX300_QL70_ML2_.jpg,UGREEN Nexode Charger 200W 4 Ports Single Port 140W [USB-C*3 and USB-A*1] GaNInfinity™ Chip PD Fast Charger PD3.0/QC4+ Compatible Foldable Plug Compatible with Laptops/MacBook/iPad/iPhone 17/15/14
B0G64K1H7N,急速充電器 45W GaN,充電器,2459,3280,4.9,35,500+ bought in past month,X840,In Stock Click here for details of availability.,https://www.amazon.co.jp/dp/B0G64K1H7N,https://m.media-amazon.com/images/I/519suz8uUOL._AC_SY300_SX300_QL70_ML2_.jpg,"UGREEN Air 45W USB-C Our Smallest Charger, GaN Fast Charging, Type-C Folding Plug, Compact, PSE Certified, Compatible with iPhone 17/16/15/14/13, iPad, MacBook Air, Galaxy S25/S24/S23, Android Devices"
B0CY5822HF,急速充電器 30W GaN,充電器,2100,2950,4.3,7534,,45089,In Stock Click here for details of availability.,https://www.amazon.co.jp/dp/B0CY5822HF,https://m.media-amazon.com/images/I/518UBYx1erL._AC_SY300_SX300_QL70_ML2_.jpg,"UGREEN Nexode RG 30W PD Charger, Robot Type, USB-C Charger, Includes Detachable Magnetic Boots to Understand the Situation by Expression, Uses GaNFast, Compatible with PD/PPS/QC4+ Standards, PSE"
B07R9QQD3K,急速充電器 2ポート,充電器,898,998,4.2,2223,2K+ bought in past month,CD146,In Stock Click here for details of availability.,https://www.amazon.co.jp/dp/B07R9QQD3K,https://m.media-amazon.com/images/I/31WPBS2RV2L._AC_SY300_SX300_QL70_ML2_.jpg,"UGREEN USB Charger 2-Port USB Full Speed Charger AC Adapter [3.1A PSE Certified Foldable Plug] Compatible with iPad/iPhone 17/XR XS Max X 8 7 6S, Xiaomi, Google Pixel, Galaxy A10 A20, etc"
B0CFFCHQDT,急速充電器 35W GaN,充電器,2300,3280,4.3,2453,200+ bought in past month,CD350,In Stock Click here for details of availability.,https://www.amazon.co.jp/dp/B0CFFCHQDT,https://m.media-amazon.com/images/I/51GLtwaufaL._AC_SY300_SX300_QL70_ML2_.jpg,UGREEN 35W PD Charger Type C (USB-C + USB-A) (PD 3.0/PPS Standard Compliant/PSE Technical Standards Compliant) Ultra Compact GaNFast II Foldable USB Charger Compatible with iPhone 17/15/14/13/12
B0DXF5Z23S,マウス,マウス,8720,10900,4.2,593,,55851,In Stock Click here for details of availability.,https://www.amazon.co.jp/dp/B0DXF5Z23S,https://m.media-amazon.com/images/I/71reDuV8QqL._AC_SY300_SX300_QL70_ML2_.jpg,"UGREEN 8K@60Hz DisplayPort KVM Switcher for 2 Monitors, 2 Computers, Aluminum with 4 USB 3.0 Ports, Dual Monitor, Keyboard, Mouse, Printer with 2 USB Cable, Power Adapter, Controller"
B0F37QGJHP,"モバイルバッテリー 10,000mAh 30W MagSafe",モバイルバッテリー,5985,7980,4.4,151,100+ bought in past month,PB570,In Stock Click here for details of availability.,https://www.amazon.co.jp/dp/B0F37QGJHP,https://m.media-amazon.com/images/I/61mz7BaavhL._AC_SY300_SX300_QL70_ML2_.jpg,UGREEN Air モバイルバッテリー マグネット式ワイヤレス充電 薄型 10000mAh Qi2認証 15W MagSafe対応 ケーブル内蔵 USB-C PD 30W高出力 軽量 小型 携帯便利 パススルー充電対応 iPhone 17 / 16 / 15 / 14 / 13 / 12シリーズ対応 PB570 ブルー
B0F9FHXPDF,急速充電器 100W 5ポート,充電器,5980,8980,4.2,250,300+ bought in past month,X773,In Stock Click here for details of availability.,https://www.amazon.co.jp/dp/B0F9FHXPDF,https://m.media-amazon.com/images/I/61poV483McL._AC_SY300_SX300_QL70_ML2_.jpg,"UGREEN 100W PD Charger, 5 Ports (USB-C x 4, USB-A x 1), Touch Monitor Included, Vertical and Horizontal Viewing, Animation Emoji Display/Real-time Charging Confirmation, PD/PPS/QC Compatible, MacBook/iPhone 17/16/15/14/13/12/Galaxy S26 Ultra/Xperia and More"
B0CFFFHFJT,マウス,マウス,6800,8500,4.2,809,50+ bought in past month,25962,In Stock Click here for details of availability.,https://www.amazon.co.jp/dp/B0CFFFHFJT,https://m.media-amazon.com/images/I/71pdOAUiCgL._AC_SY300_SX300_QL70_ML2_.jpg,UGREEN 8K@60Hz Displayport KVM Switch 2 Input 1 Output DP1.4 USB 3.0 Ports x 4 (USB-A x 3 + USB-C x 1) Supports 8K@60Hz Compatible with 4K@240Hz Share Monitor/Keyboard/Mouse/USB C Hard Drive/Printer
B0DMFFK5LV,急速充電器 45W GaN,充電器,2600,3580,4.3,1711,300+ bought in past month,X527,In Stock Click here for details of availability.,https://www.amazon.co.jp/dp/B0DMFFK5LV,https://m.media-amazon.com/images/I/41rO8riXWHL._AC_SY300_SX300_QL70_ML2_.jpg,UGREEN 45W Fast Charger GaN (2*USB-C+1*USB-A) Type-C [PSE Technical Standards Compliant/PD3.0 Compatible/45W Fast Charging/Compact] GaN Charger Adapter Compatible with iPhone 17/16/15/14/13/iPad
B0DRNZFYC9,SDカードリーダー Type-C,SDカードリーダー,,,4.3,557,,55766,Click here for details of availability.,https://www.amazon.co.jp/dp/B0DRNZFYC9,https://m.media-amazon.com/images/I/71dIxH6qBkL._AC_SY300_SX300_QL70_ML2_.jpg,"UGREEN Revodok Pro 11-in-1 Docking Station USB C Hub, 4K@120Hz DisplayPort + 4K@60Hz HDMI Expansion, 2x 10Gbps USB-C, 2x USB-A, 100W PD Rapid Charging, 1000Mbps Ethernet, SD/TF Card Reader, 3.5mm Port, Laptop Dock Compatible with Thinkpad/HP/Dell"
B0DRP1F6R7,USB-Cハブ 12-in-1 100W,USBハブ・ドック,7993,9990,4.3,756,100+ bought in past month,55767,In Stock Click here for details of availability.,https://www.amazon.co.jp/dp/B0DRP1F6R7,https://m.media-amazon.com/images/I/71MUSvuWUNL._AC_SY300_SX300_QL70_ML2_.jpg,"UGREEN Revodok Pro 12-in-1 Triple 4K Docking Station, 2*HDMI+DP, 2x10Gbps USB C, 2xUSB2.0A, 100W PD Rapid Charging, SD/TF, 1000Mbps Ethernet, 3.5mm Audio, USBC Hub for MacBook/DELL/HP and More"
B0CR6J2HCK,USB-Cハブ 100W,USBハブ・ドック,5279,6399,4.1,1329,400+ bought in past month,CM639,In Stock Click here for details of availability.,https://www.amazon.co.jp/dp/B0CR6J2HCK,https://m.media-amazon.com/images/I/61KSySctWyL._AC_SY300_SX300_QL70_ML2_.jpg,"UGREEN Revodok USB-C Hub, Docking Station, 3 Screen Outputs, 2 HDMI + DP, Maximum 4K@60Hz, Output 10Gbps, USB C & A, High Speed Data Transfer Port, PD3.0, 100W Rapid Charging, Compatible with Laptops, Tablets, Smartphones, MacBooks, iMac, Galaxy, Dell, Oculus, Lenovo, and More"
B0D1XN2LF1,USB-Cハブ 6-in-1 100W,USBハブ・ドック,3214,4299,4,1523,300+ bought in past month,45364,In Stock Click here for details of availability.,https://www.amazon.co.jp/dp/B0D1XN2LF1,https://m.media-amazon.com/images/I/71J-XDeu4nL._AC_SY300_SX300_QL70_ML2_.jpg,"UGREEN Revodok USB-C Hub 6 in 1 4K@60Hz HDMI Hub with LAN, USB C 3.2 & USB-A 3.2, 100W PD Power Supply, Type-C Adapter, Gigabit Ethernet Compatible with Windows, macOS Systems, iPhone 16/S24/iPad Pro"
B0C6DX66TN,急速充電器 65W,充電器,3980,5980,4.4,5265,200+ bought in past month,CD361,In Stock Click here for details of availability. Only 1 left in stock - order soon. Click here for details of availability.,https://www.amazon.co.jp/dp/B0C6DX66TN,https://m.media-amazon.com/images/I/51A+A9gxiML._AC_SY300_SX300_QL70_ML2_.jpg,"UGREEN Uno Charger, 65W Rapid Charger, USB-C x 2 and USB-A x 1, Compatible with PD/PPS/QC4+/SCP Standards, Compatible with MacBook Air/iPad Pro/iPhone 17/15/14/13/12/Galaxy S23-S10 Series/Xperia"
B09P88Z3CT,急速充電器 65W 3-in-1,充電器,2600,3580,4.4,1898,100+ bought in past month,CD275,In Stock Click here for details of availability.,https://www.amazon.co.jp/dp/B09P88Z3CT,https://m.media-amazon.com/images/I/41p0gpvkniL._AC_SY300_SX300_QL70_ML2_.jpg,UGREEN Charger Type-C 65W 3-in-1 Fast Charger Single Port Max 65W Output USB-C*2 & USB-A*1 22.5W 3-Port Charging Protection System PD3.0 PPS Standard Compatible Foldable for iPhone 17/16/15/14/MacBook
B0CM2WKGLC,Thunderbolt 4 ドック 8-in-1 85W,USBハブ・ドック,,,4,255,,25053,Click here for details of availability.,https://www.amazon.co.jp/dp/B0CM2WKGLC,https://m.media-amazon.com/images/I/61h4h6SGKxL._AC_SY300_SX300_QL70_ML2_.jpg,UGREEN Revodok Max 208 Thunderbolt 4 Docking Station 8-in-1 40Gbps High-Speed Data Transfer Thunderbolt 4 Hub 2-Screen Extension 4K@60Hz Single Output 8K@30Hz 85W PD Support Ethernet 3* USB A 3.2
B0GD85PYK6,USB-C ケーブル 65W,ケーブル,3209,4280,4.6,52,,X860,In Stock Click here for details of availability.,https://www.amazon.co.jp/dp/B0GD85PYK6,https://m.media-amazon.com/images/I/61zPRvNFeJL._AC_SY300_SX300_QL70_ML2_.jpg,UGREEN 65W Charger & USB-C Charging Cable Set Orange
B0DGXJS6BF,キャプチャカード,カメラ・キャプチャ,3654,4299,4.2,1178,1K+ bought in past month,25773,In Stock Click here for details of availability.,https://www.amazon.co.jp/dp/B0DGXJS6BF,https://m.media-amazon.com/images/I/61rHogGyEtL._AC_SY300_SX300_QL70_ML2_.jpg,"UGREEN 2K@30Hz HDMI Capture Card 4K@30Hz with Pass-through Function USB 3.0 Full HD 1080P 60Hz Ultra-low Latency Recording, Compatible with Switch, PS5, Xbox, etc"
B0BJQ7F16T,スマホホルダー,スマホアクセサリー,10485,13980,4,6686,200+ bought in past month,PB205,In Stock Click here for details of availability.,https://www.amazon.co.jp/dp/B0BJQ7F16T,https://m.media-amazon.com/images/I/51yVTpKih8L._AC_SY300_SX300_QL70_ML2_.jpg,"UGREEN PD3.1 Mobile Battery, 145 W High Output, 25,000 mAh High Capacity, 3 Ports, 2 USB-C, 1 USB-A, Single Port, 140 W High Output, 65 W Input, Pass-Through Function, Low Current Mode, 240 W Cable Included, PSE Technical Standards Compliant, MacBook, Windows, PC, iPad Pro, iPhone 17, Galaxy S26 Ultra Android Smartphones, Laptops, PB 205"
B0DZX533Y1,ワイヤレス充電器 25W 3-in-1 MagSafe,ワイヤレス充電器,8989,14990,4,274,100+ bought in past month,W757,In Stock Click here for details of availability.,https://www.amazon.co.jp/dp/B0DZX533Y1,https://m.media-amazon.com/images/I/51ZPyfDX+qL._AC_SY300_SX300_QL70_ML2_.jpg,"UGREEN MagFlow 3-in-1 25W Qi2 Wireless Charger, Ultra Fast and Ultra Efficient, Wireless Charging Station Compatible with MagSafe 3 Devices Simultaneously Fast Charging, MagSafe Charger, Thermal Guard"
B0CPDJLJ67,ワイヤレス充電器 2-in-1 MagSafe,ワイヤレス充電器,3243,4990,4,3707,200+ bought in past month,35278,In Stock Click here for details of availability.,https://www.amazon.co.jp/dp/B0CPDJLJ67,https://m.media-amazon.com/images/I/51LKw4ClJ5L._AC_SY300_SX300_QL70_ML2_.jpg,"UGREEN MagFlow Wireless Charger 2 in 1 Compatible with MagSafe Foldable MagSafe Charging Stand 7.5W Qi Certified for iPhone 17/16/15/14/13/12 Series, AirPods 3/2/Pro and More with USB C Port Extension"
B0FJS3P8NT,急速充電器 45W GaN,充電器,2985,3980,4.3,1711,300+ bought in past month,X528,In Stock Click here for details of availability.,https://www.amazon.co.jp/dp/B0FJS3P8NT,https://m.media-amazon.com/images/I/51g8pyLeq2L._AC_SY300_SX300_QL70_ML2_.jpg,"UGREEN 45W Rapid Charger GaN (4 x USB-C + 1 x USB-A) type-c [PSE Technology Standards Compliant / PD3.0 Compatible, 45W Fast Charging, Compact] GaN Charger Adapter Compatible with iPhone 17 / 16 / 15 / 14 / 13 / iPad / Macbook Air / Galaxy S25-S10 / Pixel / AirPods etc"
B0BY8QNV1C,USB-Cハブ 6-in-1 100W,USBハブ・ドック,5160,6880,4.1,2746,50+ bought in past month,15852,In Stock Click here for details of availability.,https://www.amazon.co.jp/dp/B0BY8QNV1C,https://m.media-amazon.com/images/I/71lN8tyg7xL._AC_SY300_SX300_QL70_ML2_.jpg,"UGREEN Revodok 206 6 in 1 USB C Hub, 2 x HDMI Output, Docking Station, 4K@60Hz, Single Output, 8K@30Hz, 100W PD Rapid Charging, 5Gbps Fast Data Transfer, Compatible with MacBook M1/M2, XPS, ThinkPad"
B0CR6JND4M,USB-Cハブ 9-in-1,USBハブ・ドック,5999,7999,4.2,2430,100+ bought in past month,25869,In Stock Click here for details of availability.,https://www.amazon.co.jp/dp/B0CR6JND4M,https://m.media-amazon.com/images/I/61AkaoERTWL._AC_SY300_SX300_QL70_ML2_.jpg,UGREEN TV Dock for Steam Deck/Switch/Rog Ally/Legion Go 9-in-1 USB-C Hub Docking Station HDMI 4K@60HZ 10Gbps High-Speed Transfer USB-A 3.2*USB-C 3.2 1000Mbps Ethernet 2*USB 2.0 Ports SD/TF Card
B0D9QP375K,急速充電器 20W,充電器,1104,1380,4.4,898,100+ bought in past month,X227,In Stock Click here for details of availability.,https://www.amazon.co.jp/dp/B0D9QP375K,https://m.media-amazon.com/images/I/41zbu3Gb7lL._AC_SY300_SX300_QL70_ML2_.jpg,"UGREEN USB Charger 20W, USB-A + USB-C Outlet Adapter, PSE Technology Standards Compliant, PD3.0 Rapid Charging, Compatible with iPhone 17/15/14/13/iPad/Android/Galaxy S24-S10/Various Devices"
B0DSBNYRKS,USB-C ケーブル 145W,ケーブル,3680,4980,4.6,869,500+ bought in past month,EC604,In Stock Click here for details of availability.,https://www.amazon.co.jp/dp/B0DSBNYRKS,https://m.media-amazon.com/images/I/51JtC5mifTL._AC_SY300_SX300_QL70_ML2_.jpg,"UGREEN [70cm Retractable] Total 145W Cigarette Socket for PC Work in Car with Built-in USB-C Cable, Length and Angle Adjustable with One Hand, ""Car Utility Storage"" PD and PPS Compatible, Compatible"
B0BLNCNCMZ,USB-Cハブ 100W,USBハブ・ドック,16197,22990,4.1,875,50+ bought in past month,90912,In Stock Click here for details of availability.,https://www.amazon.co.jp/dp/B0BLNCNCMZ,https://m.media-amazon.com/images/I/71WqDtWyKhL._AC_SY300_SX300_QL70_ML2_.jpg,UGREEN Revodok Pro 209 Docking Station USB-C Hub 10 Gbps High-Speed Data Transfer 4K@60Hz 2*HDMI+2*DP 1Gbps Ethernet RJ45+[PD 100W] Fast Charging Port Compatible with MacBook Pro Air Pro Galaxy S20
B0FQBQ1893,SDカードリーダー Type-C,SDカードリーダー,3149,4199,4.3,11,,CM888,In Stock Click here for details of availability.,https://www.amazon.co.jp/dp/B0FQBQ1893,https://m.media-amazon.com/images/I/61AS8HH0nIL._AC_SY300_SX300_QL70_ML2_.jpg,"UGREEN Revodok 7-in-1 USB Hub, Face Design, HDMI 2.0, 4K @ 60Hz Output, PD 100W Fast Charging, USB-A 3.2 x 2 + Type 3.2 + USB-A 2.0, 10 Gbps High Speed Transfer, SD Card Reader, 2.6 oz (75 g), Ultra Compact Design, Compatible with Window/MacOS/Linux/MacOS/Linux/Android Systems, Mac Pro/Air/iPad Pro, etc. Compatible Type c Hub"
B0D1XK8H21,USB-Cハブ 10-in-1 100W,USBハブ・ドック,6003,7690,4,919,100+ bought in past month,45366,In Stock Click here for details of availability.,https://www.amazon.co.jp/dp/B0D1XK8H21,https://m.media-amazon.com/images/I/71MsBZkkPzL._AC_SY300_SX300_QL70_ML2_.jpg,"UGREEN Revodok 10 in 1 USB C Docking Station, USB C Hub with Two HDMI Expansion, USB A & C 3.2 10Gbps Data Transfer Ports 4K@60Hz, Two Expansion 8K@30Hz, 100W PD Fast Charging, 1Gbps Ethernet Port, SD"
B0F24B1VJN,USB-Cハブ 6-in-1 100W,USBハブ・ドック,3182,3979,4.2,416,50+ bought in past month,75244,In Stock Click here for details of availability.,https://www.amazon.co.jp/dp/B0F24B1VJN,https://m.media-amazon.com/images/I/61qtOyDGGpL._AC_SY300_SX300_QL70_ML2_.jpg,"UGREEN Revodok USB-C Hub, 6 in 1 Extended Hub, DP Output, 4K@60Hz, PD100W Charging, USB-A & USB-C 10Gbps, Fast Transfer, Compact, Lightweight, Aluminum, for MacBook, Windows, iPad Pro"
B0CHY1ZGYB,車載充電器 30W,車載充電器,840,1299,4.2,1100,2K+ bought in past month,25845,In Stock Click here for details of availability.,https://www.amazon.co.jp/dp/B0CHY1ZGYB,https://m.media-amazon.com/images/I/51f8gPBkUGL._AC_SY300_SX300_QL70_ML2_.jpg,UGREEN USB C Car Charger 2-Port Mini Compact【PD30W+SCP22.5W Fast Charging】 PD3.0/QC4.0/PPS Compatible 12V・24V Car Compatible In-Car Charger Compact Size Lightweight Durable Car Charger Compatible with
B0FWRRT3VF,ワイヤレス充電器 25W MagSafe,ワイヤレス充電器,2872,3590,3.8,331,400+ bought in past month,95295,In Stock Click here for details of availability.,https://www.amazon.co.jp/dp/B0FWRRT3VF,https://m.media-amazon.com/images/I/51Tjt0XABML._AC_SY300_SX300_QL70_ML2_.jpg,"UGREEN MagFlow 25W Qi2 Wireless Charger, iPhone 17 Series, iPhone 16 (iOS 26 Version and Later), AirPods Earphones, Fast Charging, Max 25W Output, Compatible with MagSafe, Magnetic, Qi2 Certified, Ultra Strong Magnetic, Wireless Charging, Compact, Thin and Convenient to Carry"
B0D9GSM9PB,ワイヤレス充電器 15W MagSafe,ワイヤレス充電器,2880,,3.8,348,50+ bought in past month,W703,In Stock Click here for details of availability.,https://www.amazon.co.jp/dp/B0D9GSM9PB,https://m.media-amazon.com/images/I/51Ea1CzgS+L._AC_SY300_SX300_QL70_ML2_.jpg,"UGREEN MagFlow Qi2 15W MagSafe Charger, MagSafe Magnetic, Ultra-Slim Compact Cradle Dock, Wireless Charger, Super Strong Magnet, Just Place to Charge iPhone 16/iPhone 17 Pro/iPhone 16 Pro Max/15/14/13"
B0BNBJFFB2,SDカードリーダー Type-C,SDカードリーダー,5160,5822,4.3,673,50+ bought in past month,15375,In Stock Click here for details of availability. Only 1 left in stock - order soon. Click here for details of availability.,https://www.amazon.co.jp/dp/B0BNBJFFB2,https://m.media-amazon.com/images/I/71754BVi0yL._AC_SY300_SX300_QL70_ML2_.jpg,"UGREEN Revodok 109 USB C Hub, 9-IN-1, USB-A x 2, USB 3.0 Hub, 4K, 60Hz, HDMI Hub, Type-C PD100W, Fast Charging, 5Gbps High Speed Transfer, SD Micro SD/TF Card Reader, Type C Adapter, Compatible with MacBook Air M1 M2 Pro, Dell XPS HP, etc"
B0F8MHMSV5,USB-Cハブ 7-in-1 100W,USBハブ・ドック,4334,5099,4.2,146,,75774,In Stock Click here for details of availability.,https://www.amazon.co.jp/dp/B0F8MHMSV5,https://m.media-amazon.com/images/I/71xukIljmNL._AC_SY300_SX300_QL70_ML2_.jpg,"UGREEN Revodok Pro 7 in 1 USB-C Hub for DisplayPort 4K 60Hz, 100W Fast Charge 10Gbps USB-A and USB-C 3.2 Compatible with MacBook Pro/Air, iPad Pro, Thinkpad, Rog Ally and More"
B0FQBYRSP1,ワイヤレス充電器 15W 2-in-1 MagSafe,ワイヤレス充電器,3992,4990,3.8,309,100+ bought in past month,W710,In Stock Click here for details of availability.,https://www.amazon.co.jp/dp/B0FQBYRSP1,https://m.media-amazon.com/images/I/51vM4uwmQeL._AC_SY300_SX300_QL70_ML2_.jpg,"UGREEN Zapix Qi2 15W Wireless Charger, 2 in 1 Compatible with Magsafe, iPhone Charger, 90° Adjustable, Magnetic, Wireless, Wireless Rapid for iPhone 17/16/15/14/13/12 Series & AirPods"
B07S8MZBZ9,急速充電器 20W,充電器,934,999,4.3,1684,50+ bought in past month,60449JP,In Stock Click here for details of availability.,https://www.amazon.co.jp/dp/B07S8MZBZ9,https://m.media-amazon.com/images/I/41e-NAczBVL._AC_SY300_SX300_QL70_ML2_.jpg,"UGREEN CD137 20W Type-C Charger, PD3.0 Rapid Charging, AC Adapter, Type-C, iPhone 17-8 Series, iPad Air, Mini, Pro, iPhone XS, XR X 8 and More, QC4.0, 3.0, 2.0 Compatible, Galaxy S10, S9 Plus, Other"
B0CR6J7ZQK,USB-Cハブ 5-in-1,USBハブ・ドック,1700,2099,4.2,29349,200+ bought in past month,35580,In Stock Click here for details of availability.,https://www.amazon.co.jp/dp/B0CR6J7ZQK,https://m.media-amazon.com/images/I/61k+08OxpwL._AC_SY300_SX300_QL70_ML2_.jpg,UGREEN Revodok 105 USB C Hub 5-IN-1 HDMI Output (White)
B0B9X1RY8G,ワイヤレス充電器 15W 2-in-1 MagSafe,ワイヤレス充電器,3217,3799,4.1,7197,100+ bought in past month,90668,In Stock Click here for details of availability.,https://www.amazon.co.jp/dp/B0B9X1RY8G,https://m.media-amazon.com/images/I/61u2AIKGt9L._AC_SY300_SX300_QL70_ML2_.jpg,UGREEN MagFlow Magsafe Charger 2 in 1 Magnetic Charging Stand Qi Certified Wireless Charger 15W/7.5W/5W Fast Charging for 2 Devices Angle Adjustment for Horizontal and Vertical Use Compatible with
B0BXDSW15H,USB-Cハブ 7-in-1 100W,USBハブ・ドック,3984,4980,4.1,529,,15531,In Stock Click here for details of availability.,https://www.amazon.co.jp/dp/B0BXDSW15H,https://m.media-amazon.com/images/I/61f6dSGz6RL._AC_SY300_SX300_QL70_ML2_.jpg,UGREEN Revodok Pro 107 USB C Hub 7-in-1 USB Hub 10Gbps Super High-Speed Data Transfer 2*USB-A 3.2+1*USB-C 3.2(10Gbps) Port Expansion Type-C Power Delivery 100W Fast Charging 4K@30Hz HDMI Output SD/TF
B0DYTVVLH4,USB-Cハブ 14-in-1 100W,USBハブ・ドック,15098,21999,3.8,637,300+ bought in past month,CM843,In Stock Click here for details of availability.,https://www.amazon.co.jp/dp/B0DYTVVLH4,https://m.media-amazon.com/images/I/61AuBDPwDvL._AC_SY300_SX300_QL70_ML2_.jpg,"UGREEN Revodok Pro 314 USB-C Docking Station, Supports 3 Screens, Equipped with 2 HDMI & DP, 14-in-1 (HDMI 4K/60Hz, DP 8K, 100W PD Charging, 10Gbps High Speed Transfer, RJ45 Wired LAN, SD/TF"
B0BZHZ56M9,急速充電器 30W GaN,充電器,2100,2950,4.3,7536,50+ bought in past month,15550,In Stock Click here for details of availability.,https://www.amazon.co.jp/dp/B0BZHZ56M9,https://m.media-amazon.com/images/I/51bmamdYmGL._AC_SY300_SX300_QL70_ML2_.jpg,UGREEN Uno 30W PD Charger Robot-shaped USB-C Charger 【Expressions show the situation・Detachable magnetic boots included】 GaNFast equipped PD/PPS/QC4+ standard compliant PSE technical standards
B0C8MSP967,マウス,マウス,3224,4299,4.2,2588,400+ bought in past month,,In Stock Click here for details of availability.,https://www.amazon.co.jp/dp/B0C8MSP967,https://m.media-amazon.com/images/I/71UBflstDsL._AC_SX300_SY300_QL70_ML2_.jpg,"UGREEN USB 3.0 Switcher, Supports 2 PCs, USB-C & A Devices, 5 Gbps, High Speed Transfer, USB Switching, Printer / Mouse / Keyboard, Hub and More, Remote Control & Switch Button, Switcher, 2 USB Cable"
B0DQWJNJ21,Thunderbolt 4 ドック 13-in-1 90W,USBハブ・ドック,35192,45990,4.4,181,,25054A,In Stock Click here for details of availability.,https://www.amazon.co.jp/dp/B0DQWJNJ21,https://m.media-amazon.com/images/I/61o0xpGAU2L._AC_SY300_SX300_QL70_ML2_.jpg,"UGREEN Revodok Max 213 13-in-1 Thunderbolt 4 Docking Station 40Gbps High Speed Data Transfer 2 Screen Extensions 4K@60Hz Single Output 8K@30Hz 90W PD Support 2.5Gbps Ethernet, SD/TF 4.0 Card, 3.5mm Audio, USB A3.2 & USB C3.2 Ports, Macbook, Windows PC Laptop and More Application"
B0FGCVR5WZ,SSD/HDDケース M.2,SSD・HDDケース,36665,48990,4.3,11,,CM887,In Stock Click here for details of availability.,https://www.amazon.co.jp/dp/B0FGCVR5WZ,https://m.media-amazon.com/images/I/61ZOtOr-u6L._AC_SY300_SX300_QL70_ML2_.jpg,"UGREEN Revodok Maxidok Thunderbolt5 Mac Mini Docking Station, Thunderbolt 5 x 2 + DP, 2 Display Display, 8K @ 60Hz, M.2, SSD Extension, 8TB Storage Expansion, 120 Gbps, High Speed Transfer, 65W Power"
B0CPF66RTD,ワイヤレス充電器 15W 2-in-1 MagSafe,ワイヤレス充電器,4112,5980,4,1281,300+ bought in past month,35316,In Stock Click here for details of availability.,https://www.amazon.co.jp/dp/B0CPF66RTD,https://m.media-amazon.com/images/I/61mDXDHJx4L._AC_SY300_SX300_QL70_ML2_.jpg,UGREEN MagFlow Qi2 Wireless Charger 15W MagSafe Compatible iPhone Wireless Charging Foldable MagSafe Charging Stand [2in1 + USB C Port Expansion] Compatible with iPhone 17/16/15/14/13/12 Series
B0FXMCYCJ8,ワイヤレス充電器 25W MagSafe,ワイヤレス充電器,5242,6990,4.3,45,100+ bought in past month,75247,In Stock Click here for details of availability.,https://www.amazon.co.jp/dp/B0FXMCYCJ8,https://m.media-amazon.com/images/I/61Z9+IlvCvL._AC_SY300_SX300_QL70_ML2_.jpg,"UGREEN MagFlow Pro Qi2 25W Wireless Charger, Compatible with MagSafe [TEC Active Cooling Technology + Built-in High-Rotation Fan, Touch Cooling Sensation, Overheating Prevention, Charging Speed"
B0BW3GKLYR,SDカードリーダー,SDカードリーダー,5160,6881,4.4,430,,15601,In Stock Click here for details of availability.,https://www.amazon.co.jp/dp/B0BW3GKLYR,https://m.media-amazon.com/images/I/616rcLIf6GL._AC_SY300_SX300_QL70_ML2_.jpg,"UGREEN 10-in-1 USB C Hub 4K HDMI & VGA Output USB Hub with 3x USB 3.0 Ports, 100W PD Fast Charging, 1Gbps Ethernet, 3.5mm Audio Port, SD/MicroSD Card Reader, Docking Station Compatible with ROG"
B0BXDSPSPW,SDカードリーダー Type-C,SDカードリーダー,,,4.2,1227,,15532,Click here for details of availability.,https://www.amazon.co.jp/dp/B0BXDSPSPW,https://m.media-amazon.com/images/I/71e2jEMcU0L._AC_SY300_SX300_QL70_ML2_.jpg,"UGREEN Revodok Pro 109-usb c Hub 9 in 1 10Gbps USB-C 3.2 & A3.2 High Speed Transfer Port 4K@60Hz HDMI Output 100W PD Rapid Charging 1Gbps Ethernet with SD/TF Card Reader Compatible with MacBook Pro/Air,M1/M2,Thinkpad [USB C Port Does Not Support Video Output]"
B0D1XLP7T5,USB-Cハブ 6-in-1,USBハブ・ドック,2099,2999,3.7,1196,500+ bought in past month,45320,In Stock Click here for details of availability.,https://www.amazon.co.jp/dp/B0D1XLP7T5,https://m.media-amazon.com/images/I/61QWEFzrV7L._AC_SY300_SX300_QL70_ML2_.jpg,"UGREEN USB C Wired LAN Adapter, 6-in-1 LAN Hub with LAN Port, USB-C to RJ45 Gigabit Ethernet, 10Gbps, Ultra Fast Transfer, Type C*2 + USB A*2, Expansion, Compatible with Surface/XPS/Mac OS/Windows"
B0CM9C91MK,HDMI ケーブル,ケーブル,4499,5999,4,1090,500+ bought in past month,15390A,In Stock Click here for details of availability.,https://www.amazon.co.jp/dp/B0CM9C91MK,https://m.media-amazon.com/images/I/61OBP6TBO6L._AC_SY300_SX300_QL70_ML2_.jpg,"UGREEN 4K HDMI Capture Board with Pass-through Function 4K@60Hz / 1080P 60Hz Low Latency for Game Streaming, Live Broadcast, Conference, Recording, Screen Sharing Compatible with Switch PS5/PS4 Xbox"
B0CX18S4T4,ワイヤレス充電器 15W 3-in-1 MagSafe,ワイヤレス充電器,9440,,4.2,280,,45024,In Stock Click here for details of availability.,https://www.amazon.co.jp/dp/B0CX18S4T4,https://m.media-amazon.com/images/I/51HtFd2AotL._AC_SX300_SY300_QL70_ML2_.jpg,"UGREEN 3 in 1 MagFlow Wireless Charger, Qi2 15W MagSafe Charger, Compatible with iPhone Apple Watch, 3 Devices Charging Simultaneously, Foldable, Compatible with iPhone 17/16/15/14/13/12 Series, mini"
B0DSBNWQS9,ワイヤレス充電器 15W 3-in-1 MagSafe,ワイヤレス充電器,5557,6669,4,220,,W712,In Stock Click here for details of availability.,https://www.amazon.co.jp/dp/B0DSBNWQS9,https://m.media-amazon.com/images/I/61k4U9BD9LL._AC_SY300_SX300_QL70_ML2_.jpg,UGREEN Magsafe Compatible 3-in-1 Wireless Charger [Circular Blind Operation & Tip-over Prevention] MFi・Qi2 Certified 15W Magsafe Charger Fast Charging for 3 Devices Simultaneously iPhone 17/16/15/14
B0FGXFR6JJ,ワイヤレス充電器 15W 2-in-1 MagSafe,ワイヤレス充電器,3142,4190,4.1,879,100+ bought in past month,W701,In Stock Click here for details of availability.,https://www.amazon.co.jp/dp/B0FGXFR6JJ,https://m.media-amazon.com/images/I/41fHytjdJML._AC_SY300_SX300_QL70_ML2_.jpg,"Ugreen Zapix Wireless Charger, MagSafe 15W, Qi2 Certified, 2-in-1 Earphones, iPhone Wireless Charging, Magnetic, 48° Exquisite Viewing Angle, iPhone 17/16/15/14/13/12 Series & AirPods Compatible, 3.3 ft (1 m) Cable Included"
B0956BLF4S,USB-Cハブ 5-in-1,USBハブ・ドック,2198,2748,4,2658,200+ bought in past month,60554,In Stock Click here for details of availability.,https://www.amazon.co.jp/dp/B0956BLF4S,https://m.media-amazon.com/images/I/61UcefcJ0kL._AC_SY300_SX300_QL70_ML2_.jpg,UGREEN USB 3.0 Wired LAN Adapter 1000Mbps Giga 5-in-1 3*USB-A Ports 5Gbps High-Speed Transfer LAN Hub RJ45 Switch/Windows/macOS Compatible
B0CWV2SLL8,ワイヤレス充電器 15W 2-in-1 MagSafe,ワイヤレス充電器,4172,5990,4.1,953,50+ bought in past month,W706,In Stock Click here for details of availability.,https://www.amazon.co.jp/dp/B0CWV2SLL8,https://m.media-amazon.com/images/I/61fr-hmrUqL._AC_SX300_SY300_QL70_ML2_.jpg,"UGREEN MagFlow Qi2 Wireless Charger, MagSafe Foldable, Qi2 Charging Stand (2-in-1), MagSafe Charger, Max 15W Fast Output, Magnetic, Angle Adjustment, Alloy Texture, Thin and Lightweight, Compatible"
B0DQKHPPBJ,ワイヤレス充電器 45W 3-in-1 MagSafe,ワイヤレス充電器,11165,15980,3.9,184,,W711,In Stock Click here for details of availability.,https://www.amazon.co.jp/dp/B0DQKHPPBJ,https://m.media-amazon.com/images/I/513kMUIl5pL._AC_SY300_SX300_QL70_ML2_.jpg,"UGREEN MagFlow 25W Qi2 Certified, 3-in-1 Wireless Charger, Magnetic Fast Charging Stand, Tabletop, Compatible with MagSafe iPhone 17/16/15/14/13/12 Series, Apple Watch and AirPods Simultaneously Charging, Strong Magnetic Suction, Thermal Guard Temperature Control, Multiple Protection, PSE Technology Standards 45W PD Adapter Included"
B0D9Q9WCLX,USB-Cハブ 5-in-1 100W,USBハブ・ドック,1987,2499,4.1,1357,300+ bought in past month,55334,In Stock Click here for details of availability.,https://www.amazon.co.jp/dp/B0D9Q9WCLX,https://m.media-amazon.com/images/I/71pA1t8h4QL._AC_SY300_SX300_QL70_ML2_.jpg,"UGREEN USB C Hub 100W PD Charging Compatible 10Gbps 5 in 1 USB C 3.2 Adapter, 5 Ports (4x USB-C 10Gbps Data Transfer + 100W PD Port) Compatible with MacBook Pro/Air, iPad Pro, iPhone 15/15 Pro Max"
B0C22V8WSF,スマホケース MagSafe,スマホアクセサリー,2248,2999,4.4,3815,300+ bought in past month,15709,In Stock Click here for details of availability.,https://www.amazon.co.jp/dp/B0C22V8WSF,https://m.media-amazon.com/images/I/615ONlJKBJL._AC_SY300_SX300_QL70_ML2_.jpg,"UGREEN MagSafe Compatible Foldable Portable Phone Stand, Desktop Magnetic Stand for iPhone 16/15/14/13/12 Series, MagSafe Case Compatible, Three-Joint Adjustable, Aluminum Alloy, MagSafe Stand"
B0DZX3SRP5,ワイヤレス充電器 25W 2-in-1 MagSafe,ワイヤレス充電器,5617,7490,3.9,199,50+ bought in past month,W756,In Stock Click here for details of availability.,https://www.amazon.co.jp/dp/B0DZX3SRP5,https://m.media-amazon.com/images/I/51PsekkAC5L._AC_SY300_SX300_QL70_ML2_.jpg,UGREEN MagFlow 25W Qi2【World First Release Technological Innovation】Wireless 2-in-1 Charger MagSafe Compatible MagSafe Ultra-thin Foldable Stand Thermal Guard™ Temperature Control Compatible with
B0CY55LCT3,スマホケース MagSafe,スマホアクセサリー,2133,2699,4.3,280,100+ bought in past month,45165,In Stock Click here for details of availability.,https://www.amazon.co.jp/dp/B0CY55LCT3,https://m.media-amazon.com/images/I/81NuNzRAiPL._AC_SY300_SX300_QL70_ML2_.jpg,"UGREEN Magsafe Compatible Smartphone Stand, Card Case, Super Strong Magnet, Portable Stand, Lightweight, Ultra-Slim Magsafe Stand, Card Storage, Card Box, Card Wallet, Convenient to Carry, Compatible"
B0D7BL2JBN,USB-C ケーブル 100W 0.5m,ケーブル,1478,1780,4.3,5747,,,In Stock Click here for details of availability.,https://www.amazon.co.jp/dp/B0D7BL2JBN,https://m.media-amazon.com/images/I/61XC0rfC98L._AC_SY300_SX300_QL70_ML2_.jpg,"UGREEN Uno 100W USB C Cable iPhone Charging Cable PD3.0 100W/5A iPhone 17 16 Rapid Charge LED Smile Visualization Funny Type-C USB C to C Cord Durable Compatible with iPhone Series, MacBook Pro, Matebook, iPad, Xperia, Galaxy and Other Type C Models 0.5M"
B0CN2KFDVW,急速充電器 65W,充電器,3980,5380,4.4,5265,50+ bought in past month,CD361,In Stock Click here for details of availability.,https://www.amazon.co.jp/dp/B0CN2KFDVW,https://m.media-amazon.com/images/I/51SBGDvOJxL._AC_SY300_SX300_QL70_ML2_.jpg,"UGREEN Uno Charger, 65W Rapid Charger, USB-C x 2 and USB-A x 1, Supports PD/PPS/QC4+/SCP Standards, Compatible with MacBook Air/iPad Pro/iPhone 7-8 Series/Galaxy S23-S10 Series/Xperia Series/Pixel"
B0D7BL47CK,USB-C ケーブル 100W,ケーブル,1495,1899,4.3,5747,50+ bought in past month,,In Stock Click here for details of availability.,https://www.amazon.co.jp/dp/B0D7BL47CK,https://m.media-amazon.com/images/I/61XC0rfC98L._AC_SY300_SX300_QL70_ML2_.jpg,"UGREEN Uno 100W USB C Cable iPhone Charging Cable PD3.0 100W/5A iPhone 17 16 Rapid Charge LED Smile Visualization Funny Type-C USB C to C Cord Durable Compatible with iPhone Series, MacBook Pro"
B0D4DX8PH3,ワイヤレス充電器 15W 2-in-1 MagSafe,ワイヤレス充電器,5446,6990,4.4,931,,W709,In Stock Click here for details of availability.,https://www.amazon.co.jp/dp/B0D4DX8PH3,https://m.media-amazon.com/images/I/61KC0+zNXuL._AC_SY300_SX300_QL70_ML2_.jpg,"UGREEN Uno Qi2 15W Wireless Charger, MagSafe Compatible, iPhone Wireless Charging, 2 Devices Simultaneously Rapid Charging, Face Display, Adjustable Angle, 2-in-1 & USB C Port Extended, Compatible with iPhone 17/16/15/14/13/12/AirPods Pro, 3/2/1/iWatch, Wireless Earphones"
B0D9GQMMSV,"モバイルバッテリー 20,000mAh 20W",モバイルバッテリー,3380,4380,4.5,168,100+ bought in past month,PB525,In Stock Click here for details of availability.,https://www.amazon.co.jp/dp/B0D9GQMMSV,https://m.media-amazon.com/images/I/51pzv6-w1uL._AC_SY300_SX300_QL70_ML2_.jpg,"Ugreen PB525 22.5 W 20,000 mAh, Built-in Charging Cord, Cute Remaining Charge Display, Large Capacity, Mobile Battery, 20 W, Rapid Charging, 22.5 W, 20 W, Emoji Display, Convenient, Compact, Handheld"
B0D7CKV1J8,イヤホン Bluetooth,イヤホン・ヘッドホン,2728,3399,4,2160,400+ bought in past month,45008,In Stock Click here for details of availability.,https://www.amazon.co.jp/dp/B0D7CKV1J8,https://m.media-amazon.com/images/I/61Hd-cVZszL._AC_SY300_SX300_QL70_ML2_.jpg,"UGREEN PS5 USB-C Bluetooth Adapter APTX Low Latency & aptX Compatible Bluetooth 5.3 Audio Adapter, Connects Wireless Headphones & Earphones Wireless Audio Transmitter Compatible with PS5/Switch/Switch"
B0D2QYR9YJ,スマホホルダー MagSafe,スマホアクセサリー,2099,2800,3.6,200,,45378,In Stock Click here for details of availability.,https://www.amazon.co.jp/dp/B0D2QYR9YJ,https://m.media-amazon.com/images/I/61CNWnjNSyL._AC_SY300_SX300_QL70_ML2_.jpg,"UGREEN Magsafe Compatible Smartphone Stand, Foldable 360-Degree Rotatable Magsafe Stand, Magnetic Desktop and Portable Stand, Aluminum Stand Compatible with iPhone 16/15/14/13/12 Pro Max/Pro/Plus/Mini"
B0CM6FSPY3,マウス ワイヤレス 4000DPI,マウス,2474,3299,3.9,2803,50+ bought in past month,25444,In Stock Click here for details of availability.,https://www.amazon.co.jp/dp/B0CM6FSPY3,https://m.media-amazon.com/images/I/51e9Of19LnL._AC_SY300_SX300_QL70_ML2_.jpg,"UGREEN Wireless Mouse Vertical Quiet Bluetooth 5.0 Wireless 2.4GHz 6 Buttons 1000/1600/2000/4000 DPI Anti Mouse Arm Ergonomic Design for PC, Laptop, Tablet and More (Black)"
B0D2Q5XJY9,USB-Cハブ 6-in-1 100W,USBハブ・ドック,4259,,4.2,2676,,35998,In Stock Click here for details of availability.,https://www.amazon.co.jp/dp/B0D2Q5XJY9,https://m.media-amazon.com/images/I/71grEUrxQIL._AC_SY300_SX300_QL70_ML2_.jpg,"UGREEN Uno 6 in 1 100W PD Fast Charging 10Gbps 4K@60Hz USB-C Hub USB 3.0 Hub HDMI Output USB-C & USB-A High-Speed Data Transfer Compatible with MacBook Pro/Air, iPad Pro, Surface, XPS, Thinkpad"
B0CY56KRCX,急速充電器 65W,充電器,3980,5380,4.4,5263,50+ bought in past month,CD361,In Stock Click here for details of availability.,https://www.amazon.co.jp/dp/B0CY56KRCX,https://m.media-amazon.com/images/I/51ZU5fSb9YL._AC_SY300_SX300_QL70_ML2_.jpg,"UGREEN Uno Charger, 65W Rapid Charger, USB-C x 2 and USB-A x 1, Supports PD/PPS/QC4+/SCP Standards, Compatible with MacBook Air/iPad Pro/iPhone 17-8 Series/Galaxy S24-S10 Series/Xperia Series/Pixel Series, PSE Certified, Pink"
B0D7B719XQ,USB-C ケーブル 100W,ケーブル,1724,2190,4.3,5747,,,In Stock Click here for details of availability.,https://www.amazon.co.jp/dp/B0D7B719XQ,https://m.media-amazon.com/images/I/61XC0rfC98L._AC_SY300_SX300_QL70_ML2_.jpg,"UGREEN Uno 100W USB C Cable iPhone Charging Cable PD3.0 100W/5A iPhone 17 16 Fast Charging LED Smile Visualization Funny Type-C USB C to C Cord Durable Compatible with iPhone Series, MacBook Pro"
B0DSCC5Y7C,ワイヤレス充電器 25W 2-in-1 MagSafe,ワイヤレス充電器,5130,6990,4.1,59,,W713,In Stock Click here for details of availability.,https://www.amazon.co.jp/dp/B0DSCC5Y7C,https://m.media-amazon.com/images/I/51SswKxqn-L._AC_SY300_SX300_QL70_ML2_.jpg,"UGREEN Uno 25W Wireless Charger, Super Fast & Super Efficient Wireless Charging, MagSafe Compatible, Qi2 Certified [Rocket Type/2-in-1 & USB C Port Expansion], MagSafe Charger, Thermal Guard"
B0D1VJDTMC,USB-C ケーブル 240W,ケーブル,1699,,4.6,1863,,,In Stock Click here for details of availability.,https://www.amazon.co.jp/dp/B0D1VJDTMC,https://m.media-amazon.com/images/I/7110en0J3rL._AC_SY300_SX300_QL70_ML2_.jpg,"UGREEN USB C Cable, 240W PD3.1, Ultra Fast Charging, Type C, USB PPS2.0 Compatible, Built-in E-Marker Chip, High Durability Nylon Braided, 480 Mbps Data Transfer, Cable Tie Included, USB C to C Cable"
B0D1XSY7QR,SDカードリーダー Type-C,SDカードリーダー,1954,2299,4.6,798,,45167,Only 14 left in stock - order soon. Click here for details of availability.,https://www.amazon.co.jp/dp/B0D1XSY7QR,https://m.media-amazon.com/images/I/61WLVC9CxDL._AC_SY300_SX300_QL70_ML2_.jpg,"UGREEN SD Card Reader, USB-C & USB 3.0 2-in-1 SD TF MS Multi-Card Reader, 4 Cards Simultaneously Read Write & Write Fast Transfer"
B0FPCYJ6K5,急速充電器 30W GaN,充電器,1584,1980,4.2,3993,500+ bought in past month,85265,In Stock Click here for details of availability.,https://www.amazon.co.jp/dp/B0FPCYJ6K5,https://m.media-amazon.com/images/I/41Qj4WJw1PL._AC_SY300_SX300_QL70_ML2_.jpg,UGREEN Charger Type-C 30W (2 x USB-C + 1 x USB-A) (PD 3.0 Compatible/30W Fast Charging/Compact) GaN Adapter Compatible with iPhone 17/16/15/14/13/iPad/Galaxy S25-S10/Google Pixel/AirPods and More (White)
B0FBWSP6CY,イヤホン Bluetooth ANC,イヤホン・ヘッドホン,2399,3099,3.9,5168,700+ bought in past month,WS209,In Stock Click here for details of availability.,https://www.amazon.co.jp/dp/B0FBWSP6CY,https://m.media-amazon.com/images/I/61vTuR1zlpL._AC_SY300_SX300_QL70_ML2_.jpg,"UGREEN Earcuff Earphones, Bluetooth 5.4, Hi-Fi Sound Quality, ENC, AI Calls, Noise Cancelling, Open Ear, Pinch-On, Fully Wireless, IPX5 Waterproof, 30 Hours Playback Time, Champagne Gold"
B09N94MZG9,USB-C ケーブル 100W,ケーブル,1097,1290,4.7,17589,500+ bought in past month,,In Stock Click here for details of availability.,https://www.amazon.co.jp/dp/B09N94MZG9,https://m.media-amazon.com/images/I/71f6Kt9coBL._AC_SY300_SX300_QL70_ML2_.jpg,"UGREEN USB Type C Cable PD Compatible 100W/5A Ultra Fast Charging USB C to USB C Disconnect Prevention, Compatible with Type-C Models such as iPhone 15, MacBook Pro, Matebook, iPad, Xperia, Galaxy and"
B07PLX7JLR,USB-C ケーブル 60W,ケーブル,943,1399,4.4,27486,500+ bought in past month,,In Stock Click here for details of availability. In Stock,https://www.amazon.co.jp/dp/B07PLX7JLR,https://m.media-amazon.com/images/I/61SVHsujluL._AC_SY300_SX300_QL70_ML2_.jpg,UGREEN USB Type C Cable 【PD Support 60W Fast Charging】USB C iPhone Charging Cable Type C USB Cable Reinforced Root Anti-Disconnect Compatible with iPhone 17/16/15 Series MacBook Pro/Air iPad Pro
B0F62PGJSM,USB-C ケーブル 240W 2m,ケーブル,1785,2680,4.6,1062,100+ bought in past month,,In Stock Click here for details of availability.,https://www.amazon.co.jp/dp/B0F62PGJSM,https://m.media-amazon.com/images/I/61a+hNOeT8L._AC_SY300_SX300_QL70_ML2_.jpg,"UGREEN USB C Cable, 240 W, High Output, LED Real-Time Display, iPhone Charging Cable, PD3.1, Fast Charging, Data Transfer, Type C, USB, iPhone 17/16/15, Fast Charging, MacBook Pro/Air, iPad Pro, Galaxy Pixel, Durable, Nylon Braided 6.6 ft (2 m)"
B07PLQ1XRZ,USB-C ケーブル 60W,ケーブル,999,1699,4.3,14138,300+ bought in past month,,In Stock Click here for details of availability.,https://www.amazon.co.jp/dp/B07PLQ1XRZ,https://m.media-amazon.com/images/I/61Uc1zXpngL._AC_SY300_SX300_QL70_ML2_.jpg,"UGREEN USB C Cable, L-Shape, Type-C, L-Type, PD, 60W/3A, Rapid Charging, Anti-disconnection, Nylon Braided, For Android Smartphones, iPhone 17/16/15 Series, MacBook/iPad/Galaxy/Google/HP/Switch/Drones"
B088FSR2CR,Lightning ケーブル 1m,ケーブル,1199,1399,4.4,3976,200+ bought in past month,,In Stock Click here for details of availability.,https://www.amazon.co.jp/dp/B088FSR2CR,https://m.media-amazon.com/images/I/61xxVac4NPL._AC_SY300_SX300_QL70_ML2_.jpg,"UGREEN Lightning Cable, MFi-Certified, iPhone Charging Cable for Gaming, Compatible with iPhone 14, 13, 12, 11, iPad, Airpods, and Other Devices with Lightning Port, Gray, 3.3 ft (1 m)"
B0DZP21RXY,Thunderbolt 4 ドック 240W,USBハブ・ドック,1885,2488,4.6,1111,500+ bought in past month,,In Stock Click here for details of availability.,https://www.amazon.co.jp/dp/B0DZP21RXY,https://m.media-amazon.com/images/I/61W4O-HaBHL._AC_SY300_SX300_QL70_ML2_.jpg,UGREEN USB4 Cable 240W USB-C & USB-C Thunderbolt 4/3 Compatible PD3.1 Fast Charging 40Gbps Bi-Directional High-Speed Transfer 8K Video Output Multi-Function Type-C Cable with E-Marker Chip Built-in
B09NKSH5PH,USB-C ケーブル 100W,ケーブル,1048,1390,4.3,14671,500+ bought in past month,,In Stock Click here for details of availability.,https://www.amazon.co.jp/dp/B09NKSH5PH,https://m.media-amazon.com/images/I/61DgZxJhEZL._AC_SY300_SX300_QL70_ML2_.jpg,"UGREEN USB Type C Cable PD Compatible 100W/5A Ultra Fast Charging USB C to USB C, Break Prevention iPhone 17/16/15 Series, MacBook Pro, Matebook, iPad, Xperia, Galaxy and other Type-C Compatible"
B08XJPC2Y6,USB-C ケーブル 2m,ケーブル,999,1390,4.3,6467,500+ bought in past month,,In Stock Click here for details of availability.,https://www.amazon.co.jp/dp/B08XJPC2Y6,https://m.media-amazon.com/images/I/61dOb3g+AxL._AC_SY300_SX300_QL70_ML2_.jpg,"UGREEN USB 3.0 Type C Cable, Quick Charge 3.0, USB C Cable, Fast Charging, 5Gbps, Data Transfer, Nylon Braided, Heavy Duty, Compatible with iPhone 17 Series, Galaxy S21, S20, Flip Note 9T, Note 8, Xperia 10 II, PS5 and More 2M"
B08RMFTGHZ,USB-C ケーブル 0.5m,ケーブル,799,999,4.1,3106,50+ bought in past month,,In Stock Click here for details of availability.,https://www.amazon.co.jp/dp/B08RMFTGHZ,https://m.media-amazon.com/images/I/710DUH9mb6L._AC_SY300_SX300_QL70_ML2_.jpg,"UGREEN USB Type C Cable, USB 3.0 Fast Charging, 90 Degree 5Gbps Data Transfer, Nylon Braided USB C Cable, Compatible with iPhone17/16/15 Series, Galaxy S22/S21/S20/S10, Sony, Xiaomi, Huawei, Pixel and Other Android Devices 0.5M"
B07PFP2D61,USB-C ケーブル 0.5m,ケーブル,792,990,4.3,5204,500+ bought in past month,,In Stock Click here for details of availability.,https://www.amazon.co.jp/dp/B07PFP2D61,https://m.media-amazon.com/images/I/71ZLDiVTMHL._AC_SY300_SX300_QL70_ML2_.jpg,"UGREEN USB Type C L-Shaped Cable 0.5 m QC3.0/2.0 Compatible Fast Charging Data Transfer Nylon Braid High Durability for iPhone 17/16/15 Series, Xperia XZ2, Galaxy S9, etc. for iPhone 17 Series"
B083PPG795,USB-C ケーブル 100W 2m,ケーブル,1049,1590,4.4,12891,1K+ bought in past month,,In Stock Click here for details of availability.,https://www.amazon.co.jp/dp/B083PPG795,https://m.media-amazon.com/images/I/61mJ6a12VfL._AC_SY300_SX300_QL70_ML2_.jpg,"UGREEN USB C Cable, L-Shape, 100 W, USB Type-C iPhone Charging Cable, L-Type, PD/PPS, Fast Charging, Data Transfer, Type C to C Cord, High Durability, iPhone 17/16/15 Series, Compatible with USB-C Devices such as MacBook/iPad/Galaxy/Pixel/Google/HP/Switch - 2M (Not Video Output Supported)"
B0DZP2S6F9,USB-C ケーブル 240W,ケーブル,1408,2180,4.4,1089,500+ bought in past month,,In Stock Click here for details of availability.,https://www.amazon.co.jp/dp/B0DZP2S6F9,https://m.media-amazon.com/images/I/71y-D-Ds0gL._AC_SY300_SX300_QL70_ML2_.jpg,"UGREEN USB C Cable 240W USB3.2 Gen2 Type C PD3.1 Super Fast Charging 4K 60Hz Video Output 10Gbps High-Speed Transfer Charging Cable Type-C Compatible with iPhone 17/16 Pro Max, MacBook Pro 16/14, iPad"
B07ZD3K1TW,USB-C ケーブル,ケーブル,849,999,4.3,4551,200+ bought in past month,,In Stock Click here for details of availability.,https://www.amazon.co.jp/dp/B07ZD3K1TW,https://m.media-amazon.com/images/I/61hXFKt7qTL._AC_SY300_SX300_QL70_ML2_.jpg,"UGREEN USB Type C Cable, USB A to USB C Cable, Right Angle Nylon Braided, 3A Fast Charging, Quick Charge 3.0/2.0 Compatible, 56K Resistor Installed, Compatible with iPhone 17/Galaxy S24/Pixel/Google"
B086ZGYCLD,USB 延長ケーブル USB 3.0 1m,USB延長ケーブル,1012,1190,4.3,15024,500+ bought in past month,,In Stock Click here for details of availability.,https://www.amazon.co.jp/dp/B086ZGYCLD,https://m.media-amazon.com/images/I/61k2QnV6HsL._AC_SY300_SX300_QL70_ML2_.jpg,UGREEN USB Extension Cable USB 3.0 5Gbps High Speed Data Transfer A-A Type Male to Female USB Extension Cord Nylon Braided Easy Handling 1.0M
B07VMMCLVC,USB-C ケーブル,ケーブル,783,,4.3,971,400+ bought in past month,,In Stock Click here for details of availability.,https://www.amazon.co.jp/dp/B07VMMCLVC,https://m.media-amazon.com/images/I/71KRIcVVTaS._AC_SY300_SX300_QL70_ML2_.jpg,"UGREEN Micro USB Cable, Rapid Charging, Android Cable, Fast Data Transfer, Nylon Braided, Compatible with Multiple Models, Charging Cord, Android Smartphones, Charging Cable, Micro USB Cable, 3.3 ft"
B00LM0U8MW,ケーブル,ケーブル,638,850,4.1,33172,500+ bought in past month,,In Stock Click here for details of availability.,https://www.amazon.co.jp/dp/B00LM0U8MW,https://m.media-amazon.com/images/I/61y02QV2itL._AC_SY300_SX300_QL70_ML2_.jpg,UGREEN Audio Cable AUX Cable One Side L-Shaped Stereo Mini Plug AUX 3.5mm 3-Conductor Male-to-Male High Sound Quality Gold-Plated Plug High Durability 3.5mm Audio Cable Compatible with Headphones
B07PSHWSYB,USB-C ケーブル 2m,ケーブル,847,1299,4.3,13346,1K+ bought in past month,,In Stock Click here for details of availability.,https://www.amazon.co.jp/dp/B07PSHWSYB,https://m.media-amazon.com/images/I/61KedUsdaiL._AC_SY300_SX300_QL70_ML2_.jpg,"UGREEN USB Type C Cable, USB A to USB C Cable, Nylon Braided, 3A Rapid Charging, Quick Charge 3.0/2.0 Compatible, 56K Resistor, Compatible with iPhone 17, Galaxy S24, Pixel, Google, Xperia, LG and More (6.6 ft (2 m), Black"
B08R86PLCS,USB-C ケーブル 100W 2m,ケーブル,2079,2690,4.3,1095,500+ bought in past month,,In Stock Click here for details of availability.,https://www.amazon.co.jp/dp/B08R86PLCS,https://m.media-amazon.com/images/I/71XM1Xviq2S._AC_SY300_SX300_QL70_ML2_.jpg,"UGREEN L-Shaped USB C Cable, Video Output (100W/5A Rapid Charging, USB 3.1, PD Compatible, 4K / 60Hz), Type C Cable, 5Gbps Data Cord, iPhone 17/16/15 Series, MacBook Pro, Air, iPad Pro, Galaxy S23, S22, and Other Type C Models (6.6 ft (2 m)"
B08M8ZMZ44,ケーブル,ケーブル,959,1099,4.1,10025,300+ bought in past month,,In Stock Click here for details of availability.,https://www.amazon.co.jp/dp/B08M8ZMZ44,https://m.media-amazon.com/images/I/61LSHY4gVwL._AC_SY300_SX300_QL70_ML2_.jpg,UGREEN 3.5mm Audio Cable 4-Pole/TRRS Headphone 3.5mm Male to Male Stereo Mini Plug Earphone Cable Hi-Fi Sound Quality 24K Gold-Plated Plug Omnidirectional Compatible with Smartphone/PC/Monitor
B07925J6GY,HDMI ケーブル 2m,ケーブル,1614,1899,4.1,11825,1K+ bought in past month,,In Stock Click here for details of availability.,https://www.amazon.co.jp/dp/B07925J6GY,https://m.media-amazon.com/images/I/71BUa5RCOlL._AC_SY300_SX300_QL70_ML2_.jpg,"UGREEN USB Type C HDMI Conversion Cable, 2M, 4K@60Hz, USB C HDMI Converter, Unidirectional Communication, Only Supports USB-C Including DP Alt Mode, Thunderbolt 3/4, MacBook, Air, MacBook Pro, Galaxy, etc. 6.6 ft (2 m)"
B0DXDWJKP3,USB-C ケーブル 100W,ケーブル,1010,1290,4.5,805,100+ bought in past month,,In Stock Click here for details of availability.,https://www.amazon.co.jp/dp/B0DXDWJKP3,https://m.media-amazon.com/images/I/71QIYZFjMgL._AC_SY300_SX300_QL70_ML2_.jpg,"UGREEN [100W] USB-C Cable, Minimalist Type, Textured Surface, Nylon Braid, Anti-Disconnect, Compatible with iPhone 17/16/15 Series, iPad, MacBook Pro, Galaxy, Xperia, and Other USB-C Devices, 3.3 ft"
B00P0E394U,USB-C ケーブル 2m,ケーブル,1084,1199,4,40398,100+ bought in past month,,In Stock Click here for details of availability. In Stock,https://www.amazon.co.jp/dp/B00P0E394U,https://m.media-amazon.com/images/I/61re-CsE57L._AC_SY300_SX300_QL70_ML2_.jpg,UGREEN USB 3.0 Cable Type A Male to Male with Gold Plated Connectors Durable USB Cable Ends Male 2M
B0B4JQ87FJ,USB-C ケーブル 60W 5m,ケーブル,1980,3120,3.9,608,400+ bought in past month,,In Stock Click here for details of availability.,https://www.amazon.co.jp/dp/B0B4JQ87FJ,https://m.media-amazon.com/images/I/71lUpGTfRTL._AC_SY300_SX300_QL70_ML2_.jpg,UGREEN Link Cable 5 m Quest 1/2/VR Compatible L-shaped USB-C to USB-C Cable PD Compatible 60W/3A Fast Charging 5Gbps Data Transfer Type-C Device Compatible E-Marker VR Headset Compatible - 5 m
B082X5QY91,USB-C ケーブル 240W 1m,ケーブル,1974,2690,4.4,2520,300+ bought in past month,,In Stock Click here for details of availability.,https://www.amazon.co.jp/dp/B082X5QY91,https://m.media-amazon.com/images/I/71+NSzzIB-L._AC_SY300_SX300_QL70_ML2_.jpg,"UGREEN USB C Cable, 240W/5A Type C Cable, USB 3.2 Gen 2 Compatible, 4K / 60Hz Video Output, 10Gbps, High Speed Transfer, Video Output, PD3.1 Rapid Charging, Type C Cord, Compatible with Various Types of iPhone 17, MacBook, iPad, Galaxy S24, 3.3 ft (1 m)"
B00ZKM3SHK,アンプ,オーディオ機器,1444,1699,4.3,11877,400+ bought in past month,,In Stock Click here for details of availability.,https://www.amazon.co.jp/dp/B00ZKM3SHK,https://m.media-amazon.com/images/I/6194rKcKjHL._AC_SY300_SX300_QL70_ML2_.jpg,"UGREEN 0.14 inch (3.5 mm) to 0.25 inch (6.35 mm) Audio Cable, Stereo Mini Plug, 0.25 inch (6.35 mm) 2 Distribution Cable, Male to Male, HIFI High Durability Nylon Braided, HIFI Sound Quality, 24K Gold Plated Connector, Suitable for Smartphones, PCs, CD Players, Speakers, Amplifiers, etc"
B0F62NW7DK,USB-C ケーブル 140W 2m,ケーブル,1832,2480,4.1,207,50+ bought in past month,,In Stock Click here for details of availability.,https://www.amazon.co.jp/dp/B0F62NW7DK,https://m.media-amazon.com/images/I/714Wj0C4jXL._AC_SY300_SX300_QL70_ML2_.jpg,"UGREEN 140W 2-in-1 USB C Cable, Type C Dual Prong Charging Cable, PD3.1, Fast Charging, Supports 2 Devices Simultaneous Charging, E-Marker Chip, Durable Nylon Braided, Compatible with iPhone 17/16pro/MacBook Pro/Galaxy S25/iPad Pro/Switch, 6.6 ft (2 m)"
B0FJWVJSVF,USB-C ケーブル 240W 1m,ケーブル,1169,1590,4.2,146,100+ bought in past month,,In Stock Click here for details of availability.,https://www.amazon.co.jp/dp/B0FJWVJSVF,https://m.media-amazon.com/images/I/71H7v+V6ZPL._AC_SY300_SX300_QL70_ML2_.jpg,"UGREEN USB C Cable, 240 W, USB-IF Certified, PD Fast Charging, Data Transfer, Compatible with MacBook Pro/Air, iPhone 17/16/15, Pro Max, iPad Pro/Air, 3.3 ft (1 m)"
B086ZHLW5T,ケーブル 1m,ケーブル,848,998,4.4,9986,200+ bought in past month,,In Stock Click here for details of availability.,https://www.amazon.co.jp/dp/B086ZHLW5T,https://m.media-amazon.com/images/I/61wO0T8CzfL._AC_SY300_SX300_QL70_ML2_.jpg,"UGREEN Printer Cable 1m USB2.0 Type B Cable High Durability Nylon Braid Compatible with Canon/Epson/Brother/HP Printers, Scanners, Pianos, DACs, and Other USB (B Type) Devices"
B088GQM9CV,スマホホルダー,スマホアクセサリー,1104,1699,4.5,5804,500+ bought in past month,,In Stock Click here for details of availability. In Stock,https://www.amazon.co.jp/dp/B088GQM9CV,https://m.media-amazon.com/images/I/617yqEpnZlL._AC_SY300_SX300_QL70_ML2_.jpg,"UGREEN Gaming 8K Displayport Cable, DP1.4 Standard, VESA Certified, DisplayPort Cable, HDR Compatible, 8K@60HZ/4K@144Hz/2K@240Hz, 32.4Gbps, High Speed DP Cable, Nylon Braided, PC, TV, PS4, PS3"
B0BFZNY7NB,USB-C ケーブル 100W 1m,ケーブル,849,899,4.3,1668,100+ bought in past month,,In Stock Click here for details of availability.,https://www.amazon.co.jp/dp/B0BFZNY7NB,https://m.media-amazon.com/images/I/51nwlh6DGZL._AC_SY300_SX300_QL70_ML2_.jpg,"UGREEN USB Type C Cable, USB C to USB C [PD 100W/5A Ultra Fast Charging] Type C Cable, E-Marker Chip, 480 Mbps Data Transfer, Compatible with Various USB C Types (iPhone 15/Galaxy S24/Mac Book/iPad Pro/Xperia), Black, 3.3 ft (1 m)"
B0FZG6YF5W,USB-C ケーブル 100W 1m,ケーブル,879,1099,4.7,56,200+ bought in past month,,In Stock Click here for details of availability.,https://www.amazon.co.jp/dp/B0FZG6YF5W,https://m.media-amazon.com/images/I/61-7HyDS6QL._AC_SY300_SX300_QL70_ML2_.jpg,"UGREEN 100W USB C Cable, 1M PD3.0 Fast Charging Type C iPhone Charging Cable USB C to C Data Transfer Sync for iPhone 17/16 Pro Max, iPad mini/Pro/Air, MacBook Pro/Air, Galaxy S25 Ultra/S24 and More C"
B0GJFD4QN7,USB-C ケーブル 100W,ケーブル,879,1099,4.7,56,50+ bought in past month,,In Stock Click here for details of availability.,https://www.amazon.co.jp/dp/B0GJFD4QN7,https://m.media-amazon.com/images/I/61IYEyP8DeL._AC_SY300_SX300_QL70_ML2_.jpg,"UGREEN Air USB C Cable, 100W/5A, PD3.0, Ultra Fast Charging, Type C, iPhone Charging Cable, iPad, Macbook, Android Devices, Equipped with E-Marker Chip, Data Transfer, Sync, USB Type-C Fast Charging"
B086ZGKYH8,キーボード,キーボード,1103,1299,4.5,11371,500+ bought in past month,,In Stock Click here for details of availability.,https://www.amazon.co.jp/dp/B086ZGKYH8,https://m.media-amazon.com/images/I/619yXna8GRL._AC_SY300_SX300_QL70_ML2_.jpg,"UGREEN USB B to C Printer Cable, USB Cable, Type-C to Type-B Cable, High Durability, for Audio DAC, Mixer, MIDI Keyboard, Electronic Piano, DJ Controller, Printer, Scanner, Fax Machine, 6.6 ft (2 m)"
B0CFFCR781,HDMI ケーブル 1m,ケーブル,959,1199,4.4,13039,500+ bought in past month,,In Stock Click here for details of availability.,https://www.amazon.co.jp/dp/B0CFFCR781,https://m.media-amazon.com/images/I/71zjZ-AM8ZL._AC_SY300_SX300_QL70_ML2_.jpg,"UGREEN 8K 60Hz HDMI Cable HDMI 2.1 Ultra High Speed Certified Ultra High Speed 48Gbps 10K 8K 4K UHD Dynamic HDR eARC 3D Supports Ethernet, Aluminum Alloy and Nylon Braided Material 1M"
B0BG1RF2CV,SSD/HDDケース,SSD・HDDケース,779,1099,4.4,6906,500+ bought in past month,,In Stock Click here for details of availability.,https://www.amazon.co.jp/dp/B0BG1RF2CV,https://m.media-amazon.com/images/I/71Pf2auDMxL._AC_SY300_SX300_QL70_ML2_.jpg,UGREEN USB C to Micro B Cable 0.5m USB 3.1 10Gbps High Speed Data Transfer External HDD Cable Micro B Converter Cable for External HDD/SSD Hard Drive/MacBook Pro/Galaxy S5 Note 3/Camera and More -0.5m
B00LM2Y2U4,アンプ,オーディオ機器,959,1099,4.2,50956,1K+ bought in past month,,In Stock Click here for details of availability.,https://www.amazon.co.jp/dp/B00LM2Y2U4,https://m.media-amazon.com/images/I/61kC5pJOxfL._AC_SY300_SX300_QL70_ML2_.jpg,"UGREEN RCA 3.5mm Converter Audio Cable, Stereo Mini Plug, RCA Mini Pin, Red and White, Mini Combo, Amplifier, AV Selector, Compatible with PC, iPhone, Android Devices, Car Aux, etc. 6.6 ft (2 m)"
B077Z7XLJF,USB-C ケーブル,ケーブル,719,899,4.4,17179,200+ bought in past month,,In Stock Click here for details of availability.,https://www.amazon.co.jp/dp/B077Z7XLJF,https://m.media-amazon.com/images/I/61eeKU6vDqL._AC_SY300_SX300_QL70_ML2_.jpg,"UGREEN USB Type C Cable, 2 Pack, Fast Charging, Nylon Braided, Gold-plated, USB A to USB C, Quick Charge 3.0, Android Charging Cable, Compatible with Xperia XZ, AQUOS R, Galaxy S9/S8/S8 Plus, Android"
B07D1J88CF,SDカードリーダー Type-C,SDカードリーダー,1058,1250,4.2,22026,2K+ bought in past month,50706,In Stock Click here for details of availability.,https://www.amazon.co.jp/dp/B07D1J88CF,https://m.media-amazon.com/images/I/61U-O-O9k4L._AC_SY300_SX300_QL70_ML2_.jpg,"UGREEN Card Reader USB-C/A SD TF 2in1 MicroSD High-Speed USB3.0 Memory Card Reader OTG Compatible for Smartphone, Tablet, MacBook, Windows PC"
B0F8NL2BCS,USB-C ケーブル 240W 2m,ケーブル,1749,2380,4.7,1676,200+ bought in past month,,In Stock Click here for details of availability.,https://www.amazon.co.jp/dp/B0F8NL2BCS,https://m.media-amazon.com/images/I/71KLwdwEizL._AC_SX300_SY300_QL70_ML2_.jpg,"UGREEN USB C Cable 240W High Output, 2M 2-Pack, MacBook and Laptop Compatible, iPhone Charging Cable 5A 48V PD3.1 Type C to C, Fast Charging, High Durability, Anti-Disconnect, Tangle-Free, Includes"
B0G2SBRQG4,ケーブル 240W 2m,ケーブル,1889,2480,4.4,1089,,,In Stock Click here for details of availability.,https://www.amazon.co.jp/dp/B0G2SBRQG4,https://m.media-amazon.com/images/I/71m3HJgLTZL._AC_SY300_SX300_QL70_ML2_.jpg,UGREEN Gen2 240W Cable 2m
B0FJMBBNGM,DP ケーブル 3m,ケーブル,2239,2799,4.3,1712,400+ bought in past month,,In Stock Click here for details of availability.,https://www.amazon.co.jp/dp/B0FJMBBNGM,https://m.media-amazon.com/images/I/71He1mrL7NL._AC_SY300_SX300_QL70_ML2_.jpg,UGREEN 80Gbps 16K Displayport Cable DP2.1 Gaming DP Cable 3M 16K@60Hz/8K@120Hz 4K@240Hz/2K@360Hz DisplayPort High-Speed HDR/DSC1.2a/HBR20/ FreeSync & G-Sync Nylon Braided Aluminum HDTV Compatible with
B083PP7PSS,USB-C ケーブル 100W 1m,ケーブル,1521,1790,4.2,4447,50+ bought in past month,,In Stock Click here for details of availability.,https://www.amazon.co.jp/dp/B083PP7PSS,https://m.media-amazon.com/images/I/71VjNKN6nmL._AC_SY300_SX300_QL70_ML2_.jpg,"UGREEN 90 Degree USB C Cable, PD 100 W/5A Rapid Charging, 3.3 ft (1 m), Nylon Braided USB to C Cable, iPhone 17/16/15 Series, Compatible with USB Type-C Devices such as MacBook/iPad/Chromebook/Pixel/Galaxy/Switch/Drones"
B00P0ES0YE,USB 延長ケーブル USB 3.0 2m,USB延長ケーブル,841,990,4.2,33241,500+ bought in past month,,In Stock Click here for details of availability. In Stock,https://www.amazon.co.jp/dp/B00P0ES0YE,https://m.media-amazon.com/images/I/71x1UkM44WL._AC_SY300_SX300_QL70_ML2_.jpg,UGREEN USB Extension 2M USB3.0 Extension Cable Gold Plated Connectors Fast Data Transfer A Male to A Female USB Cable Extension Cord
B08TM8TW1R,HDMI ケーブル 2m,ケーブル,879,1099,4.3,14662,500+ bought in past month,,In Stock Click here for details of availability.,https://www.amazon.co.jp/dp/B08TM8TW1R,https://m.media-amazon.com/images/I/71FtKnw4i4L._AC_SY300_SX300_QL70_ML2_.jpg,UGREEN 10K 8K HDMI 2.1 HDMI Cable 2M 48Gbps Ultra High Speed 8K@60Hz 4K@240Hz 144Hz 120Hz eARC Ethernet HDCP 2.3 Dynamic HDR UHD 3D for PS5/4 Xbox X/S Soundbar Switch TV PC Monitor etc
B0CY56Z14P,スマホホルダー,スマホアクセサリー,2143,2899,4.4,7512,200+ bought in past month,45137,In Stock Click here for details of availability.,https://www.amazon.co.jp/dp/B0CY56Z14P,https://m.media-amazon.com/images/I/61QZoMDaXvL._AC_SY300_SX300_QL70_ML2_.jpg,"UGREEN Vertical Laptop Stand, PC Stand, Vertical Storage, Adjustable Width, Aluminum Alloy, Silicone Rubber, Scratch Resistant, Compatible with All Mac, Surface, iPad, HP, etc. (Silver)"
B0CYSLXW3F,USB 延長ケーブル,USB延長ケーブル,1574,2280,4.2,10515,500+ bought in past month,,In Stock Click here for details of availability.,https://www.amazon.co.jp/dp/B0CYSLXW3F,https://m.media-amazon.com/images/I/71QymOTrhfL._AC_SY300_SX300_QL70_ML2_.jpg,"UGREEN USB-C Extension Cable, Extension Cord, PD Compatible, 100W/5A, Fast Charging, USB 3.2, Gen2 (10Gbps), Fast Data Transfer, Compatible with 4K @ 60Hz, Type C, Thunderbolt 3 Compatible, Two-Way"
B07PLX342V,USB-C ケーブル 60W,ケーブル,678,1099,4.4,27486,2K+ bought in past month,,In Stock Click here for details of availability.,https://www.amazon.co.jp/dp/B07PLX342V,https://m.media-amazon.com/images/I/71U9WVoGotL._AC_SY300_SX300_QL70_ML2_.jpg,"UGREEN USB Type C Cable, PD Compatible, 60W Fast Charging, USB C, iPhone Charging Cable, Type C USB Cable, Reinforced Root, Prevents Disconnection, iPhone 17/16/15 Series, Compatible with Various"
B0D3WY6KMN,スマホホルダー,スマホアクセサリー,1599,1999,4,1438,500+ bought in past month,35265,In Stock Click here for details of availability.,https://www.amazon.co.jp/dp/B0D3WY6KMN,https://m.media-amazon.com/images/I/51bhQ0nbPaL._AC_SY300_SX300_QL70_ML2_.jpg,"UGREEN WIFI Wireless LAN Extender, WIFI 6, 886Mbps, 5G+2.4G, 6dBi, Ultra High Speed Communication, Dual Band, 180° Rotation, High Power Antenna, IEEE 802.11ax Wireless Standard, AX900, 600Mbps + 287Mbps, Windows 11/10/7 Compatible, Built-In Driver, WIFI Child Unit"
B08R872PF7,USB-C ケーブル 100W 1m,ケーブル,1596,2280,4.3,1095,1K+ bought in past month,,In Stock Click here for details of availability.,https://www.amazon.co.jp/dp/B08R872PF7,https://m.media-amazon.com/images/I/71B0tbwvroL._AC_SY300_SX300_QL70_ML2_.jpg,"UGREEN L-Shaped USB C Cable for Video Output [100W/5A Fast Charging USB 3.1 PD Support 4K / 60Hz 1m] Type-C Cable 5Gbps Data Cable Compatible with iPhone 17/16/15 Series, MacBook Pro, Galaxy S23, S22"
B0DGXKF4G8,スマホホルダー,スマホアクセサリー,2878,3599,4.4,1387,300+ bought in past month,45864,In Stock Click here for details of availability.,https://www.amazon.co.jp/dp/B0DGXKF4G8,https://m.media-amazon.com/images/I/61K69SVTXZL._AC_SY300_SX300_QL70_ML2_.jpg,UGREEN iPad Stand - Tablet Stand 360° Rotating Folding Height and Angle Adjustable Tablet Holder Smartphone Desktop Adjustable Ergonomic Design Non-slip Monitor Aluminum Alloy Stand iPad Compatible
B082K62S48,USB-C LAN Wired LAN Adapter with Type-C,その他,1574,2099,4.3,6994,1K+ bought in past month,35243,In Stock Click here for details of availability. Only 1 left in stock - order soon. Click here for details of availability.,https://www.amazon.co.jp/dp/B082K62S48,https://m.media-amazon.com/images/I/61sgXDWDjVL._AC_SY300_SX300_QL70_ML2_.jpg,"UGREEN USB-C LAN Wired LAN Adapter with Type-C LAN OTG Function, 1000Mbps High Speed USB-C to RJ45 Gigabit Ethernet with Thunderbolt 3 for MacBook, Asus, Lenovo, Acer, Dell, XPS and More, Gray"
B09T97Z7DM,スマホケース,スマホアクセサリー,2064,2580,4.1,15839,1K+ bought in past month,Silver,In Stock Click here for details of availability.,https://www.amazon.co.jp/dp/B09T97Z7DM,https://m.media-amazon.com/images/I/612Hw10LHML._AC_SY300_SX300_QL70_ML2_.jpg,UGREEN M.2 SSD External Case - M.2 NVME/PCIE SSD Case USB C 3.2 Gen 2 Connectivity 10Gbps High Speed Transfer Speed Aluminum 8TB Capacity Support UASP TRIM Function M.2 NVMe to USB Change 2230 2242 2260 2280 (M-Key M&B Key)
B0D53TVX8J,HDMI ケーブル,ケーブル,1274,1699,4,1845,500+ bought in past month,,In Stock Click here for details of availability.,https://www.amazon.co.jp/dp/B0D53TVX8J,https://m.media-amazon.com/images/I/61TqcG9wLXL._AC_SY300_SX300_QL70_ML2_.jpg,"UGREEN 4K DisplayPort (DisplayPort) to HDMI Conversion Cable 1080P@120Hz 4K@30Hz Unidirectional Transmission DP 1.2 to HDMI 1.4 Conversion Cord High Durability Compatible with Monitor, Projector, HDTV"
B083Q4SHPT,USB-C ケーブル 100W,ケーブル,1110,1499,4.4,12891,500+ bought in past month,,In Stock Click here for details of availability.,https://www.amazon.co.jp/dp/B083Q4SHPT,https://m.media-amazon.com/images/I/61mJ6a12VfL._AC_SY300_SX300_QL70_ML2_.jpg,"UGREEN USB C Cable, L-Shape, 100 W, USB Type-C iPhone Charging Cable, L-Type, PD/PPS, Fast Charging, Data Transfer, Type C to C Cord, High Durability, iPhone 17/16/15 Series, Compatible with USB-C"
B0GFFGX6N3,イヤホン Bluetooth ANC,イヤホン・ヘッドホン,3594,5990,4.1,27,,WS213,In Stock Click here for details of availability.,https://www.amazon.co.jp/dp/B0GFFGX6N3,https://m.media-amazon.com/images/I/51wcBdRkI8L._AC_SY300_SX300_QL70_ML2_.jpg,"UGREEN FitBuds Bluetooth 6.0 Wireless Open-Ear Earbuds, 0.7 inch (18 mm) Titanium Drivers, Total 28 Hours Playback, 4 Mic Noise Cancelling Technology, IPX5 Waterproof), Hi-Fi Sound Quality, DNN Noi"
B0D3XR6S47,急速充電器 100W 4ポート,充電器,5980,8480,4.4,1535,100+ bought in past month,X688,In Stock Click here for details of availability.,https://www.amazon.co.jp/dp/B0D3XR6S47,https://m.media-amazon.com/images/I/61QZKB8QIRL._AC_SY300_SX300_QL70_ML2_.jpg,"UGREEN Uno 100W PD Charger, Robot Type, 4 Ports, USB-C x 3, USB-A x 1 Typec, USB Outlet (See Charging Status by Expressions, Detachable Magnetic Boot), Compatible with PD/PPS/QC4+/SCP Standard, MacBook Air/iPad Pro/iPhone 17-8 Series/Galaxy/Xperia/Pixel Compatible, PSE Certified"
B09P87NBYS,スマホホルダー,スマホアクセサリー,2408,3199,4.5,4722,500+ bought in past month,90396,In Stock Click here for details of availability.,https://www.amazon.co.jp/dp/B09P87NBYS,https://m.media-amazon.com/images/I/619TIpwdTEL._AC_SY300_SX300_QL70_ML2_.jpg,"UGREEN Tablet Stand, Foldable, iPad Stand, Height and Angle Adjustable, Aluminum + Iron Alloy, Improves Posture, Convenient to Carry, Rechargeable, Ergonomic Design, Desktop Vertical Stand, Compatible with iPad/Kindle/Surface/Switch, Compatible with 4.7-12.9 Inches (Silver)"
B0CC8D8GKQ,ワイヤレス充電器 MagSafe,ワイヤレス充電器,781,1259,4,2292,1K+ bought in past month,25766,In Stock Click here for details of availability.,https://www.amazon.co.jp/dp/B0CC8D8GKQ,https://m.media-amazon.com/images/I/31AkSvXcsQL._SX342_SY445_QL70_ML2_.jpg,UGREEN Metal Ring MagSafe Compatible Ring Wireless Charging Compatible Magnetic Boost MagSafe iPhone 17 16 15 14 13 12 Series Compatible Galaxy Phone Compatible Phone Ring Easy to Attach 2 Pack
B0CD1BHXPZ,USB-Cハブ 4-in-1,USBハブ・ドック,842,980,4.4,21420,300+ bought in past month,25851,In Stock Click here for details of availability.,https://www.amazon.co.jp/dp/B0CD1BHXPZ,https://m.media-amazon.com/images/I/612998rj2lL._AC_SY300_SX300_QL70_ML2_.jpg,"UGREEN USB Hub, USB 3.0, 4 Ports USB A Hub, 5 Gbps, High Speed Transfer, Slim, Lightweight Hub, 4 in 1 Compatible with MacBook/iMac/Surface Pro, Compatible with Laptops, Mac OS/Windows/Chromebook"
B09C23TLRG,DAC,オーディオ機器,1529,1799,4.2,6593,100+ bought in past month,,In Stock Click here for details of availability.,https://www.amazon.co.jp/dp/B09C23TLRG,https://m.media-amazon.com/images/I/71J0bz6P9jL._AC_SY300_SX300_QL70_ML2_.jpg,UGREEN AUX Cable USB C 3.5mm Conversion Cable 【Hi-Res Sound Quality】 Built-in DAC High Durability Nylon Braided USB C AUX Conversion Cable Type C to 3.5mm Audio Cable Compatible with iPhone 17/16/15
B0BPHR9BF7,スマホホルダー,スマホアクセサリー,1388,1799,4.4,1188,500+ bought in past month,15323,In Stock Click here for details of availability.,https://www.amazon.co.jp/dp/B0BPHR9BF7,https://m.media-amazon.com/images/I/61KLs3DRf2L._AC_SY300_SX300_QL70_ML2_.jpg,"UGREEN Smartphone Stand, Thin, Aluminum Alloy, Easy to Carry, iPhone Stand, Foldable, Tabletop, Adjustable Angle, 4.7 - 6.8 Inch iPhone / Android Phone Stand"
B08D6L7VD1,Lightning ケーブル 3m,ケーブル,2699,,4.4,18169,50+ bought in past month,,In Stock Click here for details of availability.,https://www.amazon.co.jp/dp/B08D6L7VD1,https://m.media-amazon.com/images/I/71P3BNLSSxL._AC_SY300_SX300_QL70_ML2_.jpg,UGREEN USB-C Lightning Cable PD Compatible MFi Certified Fast Charging Lightning Cable Heavy Duty Nylon Braided for iPhone 14 /iPhone 13 /12 /11 /iPad Mini/Air/Pro and More (3M)
B0FH4YZ1ZW,スマートトラッカー FineTrack,トラッカー,3189,3799,3.5,88,200+ bought in past month,CM915,In Stock Click here for details of availability.,https://www.amazon.co.jp/dp/B0FH4YZ1ZW,https://m.media-amazon.com/images/I/517IXaSzDOL._AC_SY300_SX300_QL70_ML2_.jpg,UGREEN FineTrack Slim Duo Google/Apple Officially Licensed Ultra Thin Tracker Card Anti-Lost Tag 1.7mm Thickness & 5 Year Long Battery Life Waterproof Dustproof IP68 Compatible with Google Search Hub and Apple Search for Wallet/Passport Bluetooth Anti-Lost Smart Card Android iOS
B0DGXVMNWY,スマートトラッカー FineTrack,トラッカー,2773,3698,4,9025,200+ bought in past month,CM816,In Stock Click here for details of availability.,https://www.amazon.co.jp/dp/B0DGXVMNWY,https://m.media-amazon.com/images/I/51fgU1ee8wL._AC_SY300_SX300_QL70_ML2_.jpg,"UGREEN FineTrack Smart Finder 2-Pack Smart Tracker, Compatible with Apple ""Find My"" (iOS Device Only), Smart Tag, SmartTrack Anti-Loss Tags for Lost Items, Keys, Bags, Wallets, Luggage, Pet Collars"
B0CNKBXZSK,HDMI ケーブル 3m,ケーブル,2649,3180,4.2,1247,100+ bought in past month,,In Stock Click here for details of availability.,https://www.amazon.co.jp/dp/B0CNKBXZSK,https://m.media-amazon.com/images/I/71IuHYcZXLL._AC_SY300_SX300_QL70_ML2_.jpg,"UGREEN USB Type C to HDMI Conversion Cable [8K@60Hz / 4K@240Hz / 3M] 48Gbps High-Speed Transfer, Compatible with MacBook Pro/MacBook Air/iPad Pro/Surface Go/Chromebook and More"
B0FG7MXDH6,スマートトラッカー FineTrack,トラッカー,5154,6099,3.7,1458,100+ bought in past month,65543P,In Stock Click here for details of availability.,https://www.amazon.co.jp/dp/B0FG7MXDH6,https://m.media-amazon.com/images/I/6187f5N2d-L._AC_SY300_SX300_QL70_ML2_.jpg,UGREEN FineTrack G Android Exclusive Google Find Hub Compatible USB-C Charging Supported AirTag Android Bluetooth Tracker Finder for Luggage/Suitcase/Wallet/Keys etc. Anti-Lost Smart Tag Compatible
B0FGHX59G2,USB-Cハブ 14-in-1 100W,USBハブ・ドック,15048,20990,3.8,135,50+ bought in past month,CM843,In Stock Click here for details of availability.,https://www.amazon.co.jp/dp/B0FGHX59G2,https://m.media-amazon.com/images/I/61jc4SMBucL._AC_SY300_SX300_QL70_ML2_.jpg,"UGREEN Docking Station, 14-in-1, 3 Screen Output, 100W Laptop Charging, 2 DP & HDMI (DP-4K120Hz, HDMI-4K60Hz), USB Docking Station, 10Gbps Fast Transfer, PD3.0, USB-C/A3.2 Ports, 3.5mm Audio, SD/TF Card Slot, RJ45 Ethernet Port, Heat Dissipation"
B0D6QJXN7W,Wireless HDMI Transmitter and Receiver,その他,10390,12990,4.1,170,100+ bought in past month,,In Stock Click here for details of availability.,https://www.amazon.co.jp/dp/B0D6QJXN7W,https://m.media-amazon.com/images/I/71agl6ghnDL._AC_SY300_SX300_QL70_ML2_.jpg,"UGREEN Wireless HDMI Transmitter and Receiver, USB-C (DP Alt Mode) to HDMI, PD60W, 1080P @ 60Hz, 5 GHz, WiFi Compatible with Smartphone and PC"
B0FH1RBYK5,スマホケース MagSafe,スマホアクセサリー,1573,2099,4.3,378,200+ bought in past month,LP986,In Stock Click here for details of availability.,https://www.amazon.co.jp/dp/B0FH1RBYK5,https://m.media-amazon.com/images/I/71Pho0O1PfL._AC_SY300_SX300_QL70_ML2_.jpg,"UGREEN Car Phone Holder MagSafe Vehicle Mount 2in1 【3M-VHV Military-Grade Adhesive High Durability and Strong Adhesion】 Strong Adhesion, Anti-Fall, Instant Suction, Wallet Case Compatible, One-Handed"
B0FRLWSGPW,スマートトラッカー,トラッカー,5084,6199,4.1,1531,500+ bought in past month,75646P,In Stock Click here for details of availability.,https://www.amazon.co.jp/dp/B0FRLWSGPW,https://m.media-amazon.com/images/I/617bRi2T2LL._AC_SY300_SX300_QL70_ML2_.jpg,"UGREEN Finder Duo Google/Apple Officially Licensed Air Tracker Tag 1 Year USB-C Rechargeable Battery Bluetooth Tracker, Apple Search and Google Search Hub App, Item Finder Smart Tags for Wallet, Keys, Luggage, Baggage, 4 Pack"
B0CY55BLYY,スマホケース MagSafe,スマホアクセサリー,2343,2899,4.2,371,200+ bought in past month,45166,In Stock Click here for details of availability.,https://www.amazon.co.jp/dp/B0CY55BLYY,https://m.media-amazon.com/images/I/81bBSxsgtOL._AC_SY300_SX300_QL70_ML2_.jpg,"UGREEN Smartphone Stand, Compatible with Magsafe, Smartphone Grip, Magsafe Stand, Card Case, Ultra Magnetic, Mobile Stand, Lightweight, Ultra Thin, Card Storage, Card Wallet, Convenient to Carry"
B08TLVKBMJ,スマホケース,スマホアクセサリー,2263,2799,4.5,4879,400+ bought in past month,40289,In Stock Click here for details of availability.,https://www.amazon.co.jp/dp/B08TLVKBMJ,https://m.media-amazon.com/images/I/61XXLkcBMyS._AC_SY300_SX300_QL70_ML2_.jpg,"UGREEN Laptop Stand, PC, Foldable, Computer Stand, Compact, Easy to Carry, Fits Laptops 7.9 - 17.3 Inches Laptops, Tablets, Aluminum Alloy Material, 5 Adjustable Angles, Anti-Slip Silicone, Storage Case Included"
B0CFF9T3PS,HDMI ケーブル,ケーブル,1439,1799,4.4,13039,400+ bought in past month,,In Stock Click here for details of availability. Only 1 left in stock - order soon. Click here for details of availability.,https://www.amazon.co.jp/dp/B0CFF9T3PS,https://m.media-amazon.com/images/I/71zjZ-AM8ZL._AC_SY300_SX300_QL70_ML2_.jpg,UGREEN 8K 60Hz HDMI Cable HDMI2.1 Ultra High Speed Certified Super High Speed 48Gbps 10K 8K 4K UHD Dynamic HDR eARC 3D Ethernet Compatible Aluminum Alloy and Nylon Braid Material 10 ft
B0DR1LD258,スマホホルダー MagSafe,スマホアクセサリー,2128,2599,4.3,1139,500+ bought in past month,65185,In Stock Click here for details of availability.,https://www.amazon.co.jp/dp/B0DR1LD258,https://m.media-amazon.com/images/I/61tA25f4aoL._AC_SY300_SX300_QL70_ML2_.jpg,"UGREEN Car Holder, Magsafe Type, Compatible with Air Conditioning Vents, Magnet, Multi-Angle Adjustable, Super Strong Magnetic, One-Hand Operation, Car, Smartphone Holder, Magnetic Safe, Mobile Phone Holder, Easy to Install, Compatible with 4.3 - 7.6 inches, iPhone 17, 16, 15, 14, 13, 12, etc"
B0DR1K3DM1,マウス ワイヤレス,マウス,2159,2391,4.3,1309,300+ bought in past month,65042,In Stock Click here for details of availability.,https://www.amazon.co.jp/dp/B0DR1K3DM1,https://m.media-amazon.com/images/I/61eIFvSDGPL._AC_SY300_SX300_QL70_ML2_.jpg,"UGREEN Wireless Mouse, Bluetooth & 2.5G Wireless Mouse, Vertical Type, Ergonomic Design, 6 Buttons, Equipped with Back/Forward Buttons, Quiet Mouse, 1000/1600/2000/4000 Switchable, Battery Operated"
B0G655LY5L,4K60Hz DisplayPort to HDMI Converter Ada,その他,2159,2699,4.3,6,50+ bought in past month,95223,In Stock Click here for details of availability.,https://www.amazon.co.jp/dp/B0G655LY5L,https://m.media-amazon.com/images/I/61X+pmiKPwL._AC_SY300_SX300_QL70_ML2_.jpg,"UGREEN 4K60Hz DisplayPort to HDMI Converter Adapter, Set of 2, Unidirectional DP to HDMI Converter, 4K@60Hz, 2K@120Hz, 1080P@144Hz, Compatible with Laptop, Desktop, Monitor, Graphics Card, TV"
B00LM2Y2WC,アンプ,オーディオ機器,1869,2199,4.2,50954,100+ bought in past month,,In Stock Click here for details of availability.,https://www.amazon.co.jp/dp/B00LM2Y2WC,https://m.media-amazon.com/images/I/61kC5pJOxfL._AC_SY300_SX300_QL70_ML2_.jpg,"UGREEN RCA to 3.5mm Audio Cable, 3.5mm Stereo Mini Plug, RCA Mini Pin, Red and White Cable, Mini Combo, Amplifier, AV Selector, Compatible with PC, iPhone, Android Devices, Car AUX Audio and More"
B07PSCRWGX,USB-C ケーブル,ケーブル,719,999,4.3,13346,1K+ bought in past month,,In Stock Click here for details of availability.,https://www.amazon.co.jp/dp/B07PSCRWGX,https://m.media-amazon.com/images/I/61QVF+H+eeL._AC_SY300_SX300_QL70_ML2_.jpg,"UGREEN USB Type C Cable, USB A to USB C Cable, Nylon Braided, 3A Fast Charging, Quick Charge 3.0/2.0 Compatible, 56K Resistor Installed, Compatible with iPhone 17/Galaxy S24/Pixel/Google/Xperia/LG"
B0DXL1JKH9,SSD/HDDケース NVMe,SSD・HDDケース,95290,105880,4.2,91,50+ bought in past month,DXP4800 Plus（HDD付属なし）,In Stock Click here for details of availability.,https://www.amazon.co.jp/dp/B0DXL1JKH9,https://m.media-amazon.com/images/I/61bXd+mf8LL._AC_SY300_SX300_QL70_ML2_.jpg,"UGREEN NAS DXP4800 Plus 4-Bay Desktop NAS, Intel Pentium Gold 8505 5-Core CPU, 8GB DDR5 RAM, Internal 128G SSD, 1x 10GbE, 1x 2.5GbE, 2x M.2 NVMe Slots, 4K HDMI, Network Attached Storage (Hard Drive Not Included)"
B0DSBSBSGW,ケーブル 60W,ケーブル,2864,3680,4.4,1258,300+ bought in past month,EC602,In Stock Click here for details of availability.,https://www.amazon.co.jp/dp/B0DSBSBSGW,https://m.media-amazon.com/images/I/51VZmbCINML._AC_SY300_SX300_QL70_ML2_.jpg,"UGREEN [70cm Retractable] 3-Port Total 60W Cigarette Socket with Magnetic Storage for Upper Cord, Adjustable Length and Angle with One Hand, ""Driving Utility Car Storage"" Supports PD and PPS"
B0GCDTSCSS,"モバイルバッテリー 20,000mAh 160W",モバイルバッテリー,19222,20978,,,,/,In Stock Click here for details of availability.,https://www.amazon.co.jp/dp/B0GCDTSCSS,https://m.media-amazon.com/images/I/61AvXSb2nkL._AC_SY300_SX300_QL70_ML2_.jpg,"UGREEN Nexode Power Bank (20,000 mAh, 130W) 3 Ports, 2 USB-C Ports, 1 USB-A + UGREEN Nexode Pro Charger, 160W, 3 Ports, Single Port, 140W"
B0DTK3NMQ1,[3-Pin 4AC Outlets PD20W] Power Strip fo,その他,1769,2380,4.6,254,,S502,In Stock Click here for details of availability.,https://www.amazon.co.jp/dp/B0DTK3NMQ1,https://m.media-amazon.com/images/I/61gUh9K-apL._AC_SY300_SX300_QL70_ML2_.jpg,UGREEN [3-Pin 4AC Outlets PD20W] Power Strip for 3-Pin Outlets with Grounded Double Outlets PSE Certified Surge Protection and Static Electricity Suppression Compatible with US Overseas (USB-C*1
B0GCF67ZQ2,USB-C ケーブル 300W 2m,ケーブル,,,,,,,Click here for details of availability.,https://www.amazon.co.jp/dp/B0GCF67ZQ2,https://m.media-amazon.com/images/I/31-0ui-RNrL._AC_SY300_SX300_QL70_ML2_.jpg,"UGREEN Nexode 300W Charger, 5-Port Simultaneous Fast Charging, 4 USB-C & 1 USB-A + UGREEN USB C Cable, 240W PD3.1 (2m)"
B0DL993DZB,急速充電器 200W 8ポート,充電器,9799,13980,4.5,104,400+ bought in past month,X766,In Stock Click here for details of availability.,https://www.amazon.co.jp/dp/B0DL993DZB,https://m.media-amazon.com/images/I/51NgRWwKzYL._AC_SY300_SX300_QL70_ML2_.jpg,"UGREEN 200W Charger, 8 Ports, Type-C, Desktop, Fast, Max 100W per Port, High Output [USB-C*6 and USB-A*2], Charging Protection System, PD3.0, PPS Standard, Compatible with iPhone 17/16/15/14, MacBook"
B0F37QVBNM,"モバイルバッテリー 20,000mAh 45W MagSafe",モバイルバッテリー,8990,11980,4.5,275,100+ bought in past month,PB775,In Stock Click here for details of availability.,https://www.amazon.co.jp/dp/B0F37QVBNM,https://m.media-amazon.com/images/I/51PX3ZapsvL._AC_SY300_SX300_QL70_ML2_.jpg,"UGREEN PB775 MagFlow Qi2 25W Certified Mobile Battery (20,000 mAh/45W), Built-in USB-C Cable, iPhone 17-16 Series, 25W Magsafe Compatible, Magnetic Wireless Rapid Charging, Display Included, Supports 25W Wireless Charging, Supports 45W Wired Charging, Strong Adsorption, PSE Technology Standard, Compatible with iOS 26 Version Smartphones, Magnetic Compatible"
B0B129DM9T,急速充電器 140W GaN,充電器,,,4.3,1241,,CD289,Click here for details of availability.,https://www.amazon.co.jp/dp/B0B129DM9T,https://m.media-amazon.com/images/I/61dkRKqJIuL._AC_SY300_SX300_QL70_ML2_.jpg,UGREEN Nexode Charger Single Port 140W Can Rapidly Charge Two Laptops Industry First PD3.1+QC5.0 Support [UGREEN's Proprietary GaNFast Technology] 2 USB-C Ports + 1 USB-A Port Foldable Plug Compatible
B0BHYR1HMD,USB-C ケーブル 100W 1m,ケーブル,1029,1590,4.3,14671,400+ bought in past month,,In Stock Click here for details of availability.,https://www.amazon.co.jp/dp/B0BHYR1HMD,https://m.media-amazon.com/images/I/615uJXnaGDL._AC_SY300_SX300_QL70_ML2_.jpg,"UGREEN USB C to USB C Cable, 100W/5A, Ultra Fast Charge, Anti-Disconnect, PD and Type-C Model Compatible: iPhone 17/16/15 Series, MacBook Pro, Matebook, iPad, Xperia, Galaxy, etc, 3.3 ft (1 m, Blue)"
B082LPFM1X,SDカードリーダー Type-C,SDカードリーダー,6880,,4.5,1526,,V28-ACBUGN80133,In Stock Click here for details of availability. Only 1 left in stock - order soon. Click here for details of availability.,https://www.amazon.co.jp/dp/B082LPFM1X,https://m.media-amazon.com/images/I/61LKWm1u6SL._AC_SY300_SX300_QL70_ML2_.jpg,"UGREEN USB C Hub, 10-in-1 USB Hub, Type-C 4K, HDMI & VGA Output, 100W, Power Delivery, 1Gbps, Gigabit Ethernet, LAN Ports, 3 x USB 3.0 Ports, 3.5 mm Ports, SD/MicroSD Card Reader Slot, Docking Station, Compatible with MacBook Pro, iPad Pro, iMac, Dell HP, etc"
B0DCNZNCFH,Thunderbolt 5 ドック 13-in-1 140W,USBハブ・ドック,,,3.8,84,,U715,Click here for details of availability.,https://www.amazon.co.jp/dp/B0DCNZNCFH,https://m.media-amazon.com/images/I/61ynvTD+CuL._AC_SY300_SX300_QL70_ML2_.jpg,"UGREEN Revodok 13-in-1 Thunderbolt 5 Docking Station PD140W Fast Charging with GaN, Dual Display Extension, 120Gbps High-Speed Data Transfer, 2.5Gbps Ethernet, SD/TF 4.0 Card, 3.5mm Audio, USB A3.2"
B0CFFCPL26,HDMI ケーブル,ケーブル,6399,7999,4.2,294,50+ bought in past month,25961,In Stock Click here for details of availability.,https://www.amazon.co.jp/dp/B0CFFCPL26,https://m.media-amazon.com/images/I/71FfeJkheGL._AC_SX300_SY300_QL70_ML2_.jpg,UGREEN 8K@60Hz HDMI KVM Switch 2 Input 1 Output Share 2 PCs with 3 USB 3.0 Ports & 1 USB-C Port and 1 Monitor KVM Switch Supports 3D/CEC/HDR with Local Switch & 2 USB Cables & 2 HDMI Cables Included
B0CR6HZLR6,USB-Cハブ 4-in-1,USBハブ・ドック,1599,2099,4.2,3483,100+ bought in past month,35583,In Stock Click here for details of availability.,https://www.amazon.co.jp/dp/B0CR6HZLR6,https://m.media-amazon.com/images/I/610tt93gZhL._AC_SY300_SX300_QL70_ML2_.jpg,"UGREEN USB-C Hub 4 Ports 2xUSB-A+2xUSB-C USB3.2 Gen2 10Gbps High-Speed Data Transfer Lightweight Conversion Adapter 4-in-1 Type-C Expansion Hub Compatible with MacBook Pro/Air, iMac, iPad Pro/iPad Air"
B07Q9K2QHV,スマホケース,スマホアクセサリー,1949,2599,4.2,711,50+ bought in past month,50903JP,In Stock Click here for details of availability.,https://www.amazon.co.jp/dp/B07Q9K2QHV,https://m.media-amazon.com/images/I/813JYnCLh-L._AC_SY300_SX300_QL70_ML2_.jpg,"UGREEN Gadget Pouch, Compact, PC Accessories, Storage Case, Travel Pouch, Charger, Cables, Mobile Battery, USB Hub, etc., Protective Case, Small Item Pouch for Business Trips/Travel, Waterproof"
B0D1XVNTHJ,USB-Cハブ 6-in-1,USBハブ・ドック,2549,3099,4.3,472,100+ bought in past month,45321,In Stock Click here for details of availability.,https://www.amazon.co.jp/dp/B0D1XVNTHJ,https://m.media-amazon.com/images/I/61qBeR4TPCL._AC_SY300_SX300_QL70_ML2_.jpg,UGREEN USB A Wired LAN Adapter 6-in-1 LAN Hub with LAN Port RJ45 Gigabit Ethernet 10Gbps Super High-Speed Transfer USB-C 3.2*2+USB A*2 USB-C Port Expansion Compatible with Surface/XPS/Mac OS/Windows
B0FRLVWT2D,SDカードリーダー,SDカードリーダー,31492,41990,4.4,123,50+ bought in past month,U712,In Stock Click here for details of availability.,https://www.amazon.co.jp/dp/B0FRLVWT2D,https://m.media-amazon.com/images/I/51Wg1R8qeaL._AC_SY300_SX300_QL70_ML2_.jpg,"UGREEN Maxidok 10-in-1 Thunderbolt 5 Docking Station, Thunderbolt 5 x 2 + DP, 3 Screen Output, 8K@60Hz, DC140W, PD110W, Fast Charging, 120Gbps Fast Transfer, 1Gbps Ethernet, SD3.0 Card Reader, USB-A 3.2 x 3, Thunderbolt 5/4/USB4 Compatible, MacBook Windows Suitable for PC, etc"
B0F249TYWY,USB-Cハブ 6-in-1 100W,USBハブ・ドック,4979,6599,4.4,873,100+ bought in past month,75126,In Stock Click here for details of availability.,https://www.amazon.co.jp/dp/B0F249TYWY,https://m.media-amazon.com/images/I/7146yfaHlzL._AC_SY300_SX300_QL70_ML2_.jpg,"UGREEN Dock for Steam Deck/Switch/Rog Ally/Legion Go, 6-in-1 USB-C Hub, 4K@120Hz HDMI 2.1, 100W PD Charging, USB-A & USB C 3.0, 1000Mbps Ethernet, Angle Adjustable Stand"
B0C4DFB8RH,USB-Cハブ 4-in-1,USBハブ・ドック,3599,4499,4.4,2197,,15651,In Stock Click here for details of availability.,https://www.amazon.co.jp/dp/B0C4DFB8RH,https://m.media-amazon.com/images/I/61b+rxAhtTL._AC_SY300_SX300_QL70_ML2_.jpg,"UGREEN USB-C Hub 10Gbps 4-in-1 USB-C 3.2 Port High-Speed Data Transfer Adapter Expansion Hub Self/Bus Power Compatible with MacBook Pro/Air, iPad Pro/iPad Air, Surface, Chromebook, Galaxy S23 and More"
B0BW2PNZF2,USB-Cハブ 5-in-1 100W,USBハブ・ドック,3280,,4.2,276,,15597,In Stock Click here for details of availability.,https://www.amazon.co.jp/dp/B0BW2PNZF2,https://m.media-amazon.com/images/I/614KPd5I+zL._AC_SY300_SX300_QL70_ML2_.jpg,"UGREEN 5-IN-1 USB C Hub, 100W PD Fast Charging, Type-C 3*USB-A3.0 Ports, 4K HDMI 2.0 Output, 5Gbps Fast Data Transfer, Windows 11/10/8.1/8; Mac OS; linux; iOS and Android System, MacBook Air/MacBook Pro/Dell XPS 13 Series; iPad Pro 2018/2018/2018/20 Compatible with"
B0D2QJMFCT,マウス,マウス,4799,,4.5,549,50+ bought in past month,,In Stock Click here for details of availability.,https://www.amazon.co.jp/dp/B0D2QJMFCT,https://m.media-amazon.com/images/I/61uTTvljBZL._AC_SY300_SX300_QL70_ML2_.jpg,"UGREEN USB 3.0 Switch, 2 Inputs, 4 Outputs, 1 USB-A & 1 USB-C PC, Share USB-C & A Devices, 5 Gbps High Speed Transfer, USB Switch, Printer/Mouse, Keyboard, Hub, etc. Remote Control & Switch Button"
B07RV1ZCWJ,SDカードリーダー Type-C,SDカードリーダー,7889,,4.6,10978,,70410,In Stock Click here for details of availability.,https://www.amazon.co.jp/dp/B07RV1ZCWJ,https://m.media-amazon.com/images/I/61hXNgy6NlL._AC_SY300_SX300_QL70_ML2_.jpg,"UGREEN Revodok 106 USB-C Hub 6 in 1 USB C to HDMI 4K SD TF Card Reader Type c Multi Change Adapter 3 Ports USB 3.0 HUB for MacBook Pro 2018/2017/2016, Galaxy S10 S9 S8 Plus, Chromebook, XPS and More Aluminum Material"
B09DSV9G78,車載充電器 60W,車載充電器,1679,1980,4.2,3343,200+ bought in past month,CD130,In Stock Click here for details of availability.,https://www.amazon.co.jp/dp/B09DSV9G78,https://m.media-amazon.com/images/I/614+YC8gEwL._AC_SY300_SX300_QL70_ML2_.jpg,UGREEN Car Charger【52.5W/PD30W+SCP22.5W】 PD3.0/QC3.0/SCP Fast Charging Compatible 30W Charging Power USB-A and USB-C Ports Each One DC12V-24V Vehicle Compatible 60W USB-C Charging Cable Included
B0FXGRKGBW,ワイヤレス充電器 15W MagSafe,ワイヤレス充電器,2290,,,,,W720,In Stock Click here for details of availability.,https://www.amazon.co.jp/dp/B0FXGRKGBW,https://m.media-amazon.com/images/I/51VOW63h60L._AC_SY300_SX300_QL70_ML2_.jpg,UGREEN Zapix MagSafe ワイヤレス充電器 Qi2認証 最大15W出力 急速充電 マグネット式 ワイヤレス充電パッド 超軽量・コンパクト 温度管理チップ搭載 多重保護機能 無線 置くだけ充電器 iPhone 17 16 15 14 13 12 & AirPodsシリーズ対応 1.5mケーブル一体型
B0FXGSDNL4,ワイヤレス充電器 25W 2-in-1 MagSafe,ワイヤレス充電器,4190,5240,4.2,59,100+ bought in past month,W751,In Stock Click here for details of availability.,https://www.amazon.co.jp/dp/B0FXGSDNL4,https://m.media-amazon.com/images/I/51yOKfj5X3L._AC_SY300_SX300_QL70_ML2_.jpg,"UGREEN Zapix 2 in 1 Wireless Charger MagSafe 25W Qi2.2 Certified Fast Charging Magnetic Desktop Charger for iPhone 17/16/15/14/13/12 Series & AirPods with 1m Cable, Grey"
B0B3CSLPZR,車載充電器 130W,車載充電器,3280,3980,4.3,6589,100+ bought in past month,CD293,In Stock Click here for details of availability.,https://www.amazon.co.jp/dp/B0B3CSLPZR,https://m.media-amazon.com/images/I/61ZPtxtTTuL._AC_SY300_SX300_QL70_ML2_.jpg,"UGREEN 130W Cigarette Lighter Socket USB - C Car Charger, 3 Ports, PD 100W/30W + SCP 22.5W PD3.0/QC4.0/PPS Compatible, 100W Charger, USB Rapid Charger, Compatible with iPhone 17/15/14/13, Galaxy, iPad, MacBook, Laptops, etc. USB C charging cable included"
B0DSPX4RQ5,"モバイルバッテリー 25,000mAh 240W",モバイルバッテリー,11460,15280,4.5,472,100+ bought in past month,PB552,In Stock Click here for details of availability.,https://www.amazon.co.jp/dp/B0DSPX4RQ5,https://m.media-amazon.com/images/I/51qxnif7MxL._AC_SY300_SX300_QL70_ML2_.jpg,UGREEN Mobile Battery PD3.1 Compatible 【165W・25000mAh】 Built-in 2 USB-C Cables 4 Ports Single Port 140W High Output・Input 90W Compatible Pass-through Function Low Current Mode Equipped 240W USB-C
B0CPF4RDFQ,車載充電器 150W,車載充電器,4279,5980,4.1,661,,EC706,In Stock Click here for details of availability.,https://www.amazon.co.jp/dp/B0CPF4RDFQ,https://m.media-amazon.com/images/I/51uABfD-ESL._AC_SY300_SX300_QL70_ML2_.jpg,UGREEN 150W Cigarette Socket USB C Car Charger 4 Ports [PD3.1 140W+PD3.0 30W+QC3.0 30W+SCP22.5W] Fast Charger Can Be Used Simultaneously in the Back Seat PD3.1/PD3.0/PPS/QC4+QC4.0/FCP/SCP Compatible
B0CJXWJ596,DAC,オーディオ機器,2015,2799,4,2862,500+ bought in past month,25837,In Stock Click here for details of availability.,https://www.amazon.co.jp/dp/B0CJXWJ596,https://m.media-amazon.com/images/I/71oJmy9I-pL._AC_SY300_SX300_QL70_ML2_.jpg,"UGREEN USB-C to 3.5mm Audio Conversion Adapter, Type C, Earphone Conversion PD, 60W, Fast Charging, Equipped with DAC, Hi-Res 32Bit/384KHz, Compatible with iPhone 17/16/15/Galaxy S24, Ultra Pixel 8"
B0B3D9XW8X,車載充電器 130W,車載充電器,2680,3580,4.1,5166,500+ bought in past month,90413,In Stock Click here for details of availability.,https://www.amazon.co.jp/dp/B0B3D9XW8X,https://m.media-amazon.com/images/I/61UCFe0Tv3L._AC_SY300_SX300_QL70_ML2_.jpg,UGREEN 130W Cigarette Lighter usb-c Car Charger 3 Ports [PD 100W/30W+SCP 22.5W] PD3.0/QC4.0/PPS Compatible In-Car Charger Compact Size Durable Cigarette Lighter Fast Charger Compatible with iPhone 17
B0DL5JC6HP,HDMI ケーブル 100W 2m,ケーブル,2028,2899,3.8,622,300+ bought in past month,CM675,In Stock Click here for details of availability.,https://www.amazon.co.jp/dp/B0DL5JC6HP,https://m.media-amazon.com/images/I/71oTW-vQtOL._AC_SY300_SX300_QL70_ML2_.jpg,"UGREEN 4K@60Hz USB C HDMI Converter Cable with 100W PD Fast Charging Port 2-in-1 Thunderbolt [Unidirectional Communication] Type C to HDMI Compatible iPhone 16 Pro Max/SteamDeck/MacBook/iPad/Galaxy S24/XPS, 2M"
B0D12GJJ9S,車載充電器 15W ワイヤレス,車載充電器,2992,3999,4.2,1176,500+ bought in past month,W708,In Stock Click here for details of availability.,https://www.amazon.co.jp/dp/B0D12GJJ9S,https://m.media-amazon.com/images/I/61o+Q3zhpEL._AC_SY300_SX300_QL70_ML2_.jpg,UGREEN MagFlow Qi2 MagSafe Wireless Car Charger MagSafe 15W with LED Fade Light 360 Degree Rotation Car Mobile Phone Holder Car Wireless Charger Compatible with iPhone 17/16/15/14/13/13/12 Series
B07Z1NPFWC,車載充電器 40W,車載充電器,1839,2199,4.7,1706,50+ bought in past month,70594,In Stock Click here for details of availability.,https://www.amazon.co.jp/dp/B07Z1NPFWC,https://m.media-amazon.com/images/I/51ZLkeh1qsL._AC_SY300_SX300_QL70_ML2_.jpg,"UGREEN USB C Car Charger 40W Type C Car Charger Dual PD 20W Fast Car Charger Adapter Compatible with iPhone 16/15/14/13/12/11, iPad Pro/Mini/Air, Galaxy S23/S22/S21/S20/S10/Note 20, Pixel 5/4/3"
B0B3D184XK,63W Cigarette Lighter Socket with 2 Port,その他,1679,1999,4.6,2707,100+ bought in past month,90645,In Stock Click here for details of availability.,https://www.amazon.co.jp/dp/B0B3D184XK,https://m.media-amazon.com/images/I/61WqIh5SG6L._AC_SY300_SX300_QL70_ML2_.jpg,"UGREEN 63W Cigarette Lighter Socket with 2 Ports (PD45W + QC18W), USB-A + USB-C QC3.0 & PD3.0 Compatible, Rapid Charging, Compatible with PSS, DC12V-24V Cars, iPhone 17/14 Pro Max/iPhone 13/12 Pro / 11 Pro Max/XR / 8, iPad, Galaxy, Xperia and Other Android 6 0W rapid charging"
B094DFW7T7,車載充電器 75W,車載充電器,2774,3622,4.2,2115,100+ bought in past month,CD239,In Stock Click here for details of availability.,https://www.amazon.co.jp/dp/B094DFW7T7,https://m.media-amazon.com/images/I/513hr9FA90L._AC_SY300_SX300_QL70_ML2_.jpg,"UGREEN 75W 3 Ports Cigarette Lighter Socket USB C Car Charger, Compatible with PD3.0/QC3.0/PPS, Rapid Charging, Car Charger, Compatible with iPhone 16/15/14/13 Series, iPad, MackBook, Pixel, Galaxy"
B0DDBVBQ7R,車載充電器 30W,車載充電器,1479,1799,4.3,1595,100+ bought in past month,EC307,In Stock Click here for details of availability.,https://www.amazon.co.jp/dp/B0DDBVBQ7R,https://m.media-amazon.com/images/I/61Q66xDEiQL._AC_SY300_SX300_QL70_ML2_.jpg,UGREEN 30W 2C1A Cigarette Socket USB-C Car Charger with LED Light 3 Ports【PD 30W/SCP 22.5W】PD3.0/QC4.0/PPS Compatible In-Car Charger Compact Size Durable Cigarette Socket Fast Charger Compatible with
B07S7ZMTQK,車載充電器 38W,車載充電器,1119,1399,4.2,6048,,30780,In Stock Click here for details of availability.,https://www.amazon.co.jp/dp/B07S7ZMTQK,https://m.media-amazon.com/images/I/61Ya5Sp1VrL._AC_SY300_SX300_QL70_ML2_.jpg,"UGREEN USB 38W Cigarette Lighter Socket, USB C Car Charger, 2 Ports, PD 20W + QC 18W, Fast Charging, PD3.0, QC3.0, PPS, Compatible with All 12V/24V Cars, Ultra Compact, Type C, Car Charger, Compatible"
B0GZ8YP5VT,ワイヤレス充電器 2-in-1 MagSafe,ワイヤレス充電器,,,,,,90668,Click here for details of availability.,https://www.amazon.co.jp/dp/B0GZ8YP5VT,https://m.media-amazon.com/images/I/71HXKrfbIVL._AC_SX300_SY300_QL70_ML2_.jpg,UGREEN Zapix Magsafe充電器 2 in 1マグネット 充電スタンド Qi認証 ワイヤレス充電器 7.5W/5W 2台同時急速充電 横向き・縦向きで角度調整 イヤホン iPhone 17/16/15/14/13/12シリーズAirPods Pro/3/2/1など適用 LED表示 USB-Cケーブル付き (× 2)
B088FSL3S4,Lightning ケーブル 2m,ケーブル,1683,,4.4,3975,100+ bought in past month,,In Stock Click here for details of availability.,https://www.amazon.co.jp/dp/B088FSL3S4,https://m.media-amazon.com/images/I/61xxVac4NPL._AC_SY300_SX300_QL70_ML2_.jpg,"UGREEN Lightning Cable, MFi Certified iPhone Charging Cable, Compatible with iPhone 14, 14 Plus, 14Pro, 14, Pro, Max, iPhone 13, 12, 11, iPad Airpods and more, iPhone Charging Cord, Gray 6.6 ft (2 m)"
B0DJXN3N3L,"モバイルバッテリー 10,000mAh 20W MagSafe",モバイルバッテリー,4674,5880,4.2,1717,100+ bought in past month,PB763,In Stock Click here for details of availability.,https://www.amazon.co.jp/dp/B0DJXN3N3L,https://m.media-amazon.com/images/I/61KYNMzRbXL._AC_SY300_SX300_QL70_ML2_.jpg,"UGREEN PB763 (10,000 mAh/Qi2 Certified), 15 W/Magsafe, Ultra Fast Charging, Mobile Battery, Magnetic Type, Wireless Charging, Strong Adsorption, PD 20 W, Rapid Charging, Supports Wireless Charging/Wired Charging, PSE Technology Standard, Compatible with iPhone 17-12 Series, Magnetic Compatible, Black"
B0G5867T8B,モバイルバッテリー 25W MagSafe,モバイルバッテリー,,,,,,,Click here for details of availability.,https://www.amazon.co.jp/dp/B0G5867T8B,https://m.media-amazon.com/images/I/51dCciPQoOL._AC_SY300_SX300_QL70_ML2_.jpg,UGREEN MagFlow Qi2 25W Power Bank
B0F6CD2FRM,"モバイルバッテリー 5,000mAh 15W MagSafe",モバイルバッテリー,6744,7366,,,,,In Stock Click here for details of availability.,https://www.amazon.co.jp/dp/B0F6CD2FRM,https://m.media-amazon.com/images/I/41XYq2ID0bL._AC_SY300_SX300_QL70_ML2_.jpg,"UGREEN Magnetic Wireless Mobile Battery Qi 15W Built-In USB-C Connector Mobile Battery 5,000 mAh"
B0GCMWBB9K,"モバイルバッテリー 10,000mAh",モバイルバッテリー,,,,,,,Click here for details of availability.,https://www.amazon.co.jp/dp/B0GCMWBB9K,https://m.media-amazon.com/images/I/71VTrMmVf3L._AC_SY300_SX300_QL70_ML2_.jpg,"Ugreen Moba Refill Set! 3 Cost Performance Choices: 10,000 mAh Lightweight Small Power Bank & USB-C to USB-A Cable, PSE Ready"
B0GD78SFXQ,"モバイルバッテリー 10,000mAh",モバイルバッテリー,,,,,,,Click here for details of availability.,https://www.amazon.co.jp/dp/B0GD78SFXQ,https://m.media-amazon.com/images/I/410-BOLX68L._AC_SY300_SX300_QL70_ML2_.jpg,"UGREEN iPhone Charging Product Set, Small, Mobile Battery, 10,000 mAh + USB-C Lightning Cable, MFi Certified, 3.3 ft (1 m) PD Rapid Charging, Lightning Cable"
B0773N757H,USB-C ケーブル,ケーブル,750,,4.6,2458,50+ bought in past month,,In Stock Click here for details of availability.,https://www.amazon.co.jp/dp/B0773N757H,https://m.media-amazon.com/images/I/61pz5CG+LfL._AC_SY300_SX300_QL70_ML2_.jpg,"Braided Micro USB Cable, Ugreen Nylon Braided Fast Quick Charger Cable USB to Micro USB 2.0 Android Charging Cord for Samsung Galaxy S7/S6/S5/Edge, Note 5/4/3, LG, NEXUS, HTC, Nokia, PS4 1.5ft 30649"
B07RYV3TWC,USB 延長ケーブル,USB延長ケーブル,974,1299,4.2,3997,200+ bought in past month,,In Stock Click here for details of availability.,https://www.amazon.co.jp/dp/B07RYV3TWC,https://m.media-amazon.com/images/I/61EssLNh2pL._AC_SY300_SX300_QL70_ML2_.jpg,UGREEN Audio Cable 3.5mm Distribution Cable 3-Pole/TRS Earphone Branching Cord 【Bidirectional Transmission】 Headphone Extension Cable Hi-Fi Sound Quality High Durability Nylon Braiding 24K Gold-Plated
B0F13BJGD5,USB-C ケーブル 60W,ケーブル,1343,1699,4.3,9,50+ bought in past month,,Only 7 left in stock - order soon. Click here for details of availability.,https://www.amazon.co.jp/dp/B0F13BJGD5,https://m.media-amazon.com/images/I/614FNoRybbL._AC_SY300_SX300_QL70_ML2_.jpg,"UGREEN USB Type C Cable, Mobile Phone Strap, Integrated 60 W, Type C, Rapid Charging, Drop Prevention, Lost Prevention, Neck Hanging, Crossbody Hanging, iPhone 17/16/15 Series, iPad, MacBook, Galaxy"
B07G539WWP,USB 延長ケーブル 2m,USB延長ケーブル,668,769,4.8,463,50+ bought in past month,,In Stock Click here for details of availability.,https://www.amazon.co.jp/dp/B07G539WWP,https://m.media-amazon.com/images/I/6162cF1WZHL._AC_SY300_SX300_QL70_ML2_.jpg,"UGREEN USB 2.0 Extension Cable, 6.6 ft (2 m), High Speed Data Transfer, A Male to A Female, USB Cable, Durable, Wide Compatibility, Extension Cord, Black - 6.6 ft (2 m)"
B0D1VJ3YH6,USB-C ケーブル 100W,ケーブル,1046,1590,4.6,1570,50+ bought in past month,,In Stock Click here for details of availability.,https://www.amazon.co.jp/dp/B0D1VJ3YH6,https://m.media-amazon.com/images/I/61ZOZEiAlhL._AC_SY300_SX300_QL70_ML2_.jpg,"UGREEN 100W USB C Cable, USB PD/PPS Compatible, Fast Charging, E-Marker Chip, Data Transfer, High-Quality Stainless Steel Housing, Nickel-Plated, Ties Included, Durable Nylon Braid, Type C to C Cable"
B08NVNFJXH,DAC,オーディオ機器,999,1299,4.2,6593,500+ bought in past month,,In Stock Click here for details of availability.,https://www.amazon.co.jp/dp/B08NVNFJXH,https://m.media-amazon.com/images/I/71J0bz6P9jL._AC_SY300_SX300_QL70_ML2_.jpg,UGREEN AUX Cable USB C 3.5mm Conversion Cable 【Hi-Res Sound Quality】DAC Equipped High Durability Nylon Braided USB C AUX Conversion Cable Type C to 3.5mm Audio Cable Compatible with iPhone 17/16/15
B0773LMNQD,USB-C ケーブル 2m,ケーブル,998,,4.7,330,,,In Stock Click here for details of availability. Only 1 left in stock - order soon. Click here for details of availability.,https://www.amazon.co.jp/dp/B0773LMNQD,https://m.media-amazon.com/images/I/61pz5CG+LfL._AC_SY300_SX300_QL70_ML2_.jpg,"UGREEN Micro USB Cable, Rapid Charging, Android Cable, Fast Data Transfer, Nylon Braided, 10,000+ Bending Test, Compatible with Android, Micro USB 6.6 ft (2 m)"
B089F9317S,ケーブル 0.5m,ケーブル,848,998,4.2,6397,100+ bought in past month,,In Stock Click here for details of availability.,https://www.amazon.co.jp/dp/B089F9317S,https://m.media-amazon.com/images/I/61tPNMnXbJL._AC_SY300_SX300_QL70_ML2_.jpg,"UGREEN USB 3.0 Cable, Microb Type A Male to Micro Type B Male USB 3.0 Micro Cable, Heavy Duty Nylon Braided for External Hard Drives, SSDs, Galaxy S5, Note 3 and More (0.5m)"
B00Y44AAQW,アンプ,オーディオ機器,1104,1299,4.4,4635,100+ bought in past month,,In Stock Click here for details of availability.,https://www.amazon.co.jp/dp/B00Y44AAQW,https://m.media-amazon.com/images/I/61EemIjlGbL._AC_SY300_SX300_QL70_ML2_.jpg,"UGREEN 6.35mm Mono Cable Standard Plug Male to Male for Connecting Mixers, Guitars, Amplifiers, Speakers, etc 1M"
B08NVPB15G,DAC,オーディオ機器,1784,1999,4.1,1701,100+ bought in past month,,In Stock Click here for details of availability.,https://www.amazon.co.jp/dp/B08NVPB15G,https://m.media-amazon.com/images/I/61rXefJ8j4L._AC_SY300_SX300_QL70_ML2_.jpg,"UGREEN USB-C to 2RCA Audio Cable, Red/White, Built-in DAC Chip, HiFi Sound Quality, Compatible with iPhone 17/16/15 Series/iPad Pro 2021, Air 4/mini 6, MacBook Pro, Other Android Smartphones, USB-C"
B088GR2Z2G,ケーブル 2m,ケーブル,1799,,4.3,2529,,,In Stock Click here for details of availability.,https://www.amazon.co.jp/dp/B088GR2Z2G,https://m.media-amazon.com/images/I/71VvlcAEhES._AC_SY300_SX300_QL70_ML2_.jpg,"UGREEN 3.5mm to 2RCA Audio Cable Stereo Mini Plug 3.5mm Male - 2RCA Male High Durability Construction Compatible with Smartphones, Computers, TVs, Cars, etc. 2M"
B07C7PX5T6,LAN ケーブル,LANケーブル,802,899,4.3,7268,50+ bought in past month,,In Stock Click here for details of availability.,https://www.amazon.co.jp/dp/B07C7PX5T6,https://m.media-amazon.com/images/I/61lKVQl0aoL._AC_SY300_SX300_QL70_ML2_.jpg,Ugreen LAN Cable Category 7 RJ45 Connector
B088CZLHGL,ケーブル,ケーブル,624,780,4.3,15038,700+ bought in past month,,In Stock Click here for details of availability.,https://www.amazon.co.jp/dp/B088CZLHGL,https://m.media-amazon.com/images/I/61zzaB7skAL._AC_SY300_SX300_QL70_ML2_.jpg,UGREEN Audio Cable 3.5mm Male to Male AUX Cable Stereo Mini Plug 3-Prong/TRS Audio Cable High Durability 24K Gold-Plated Plug Compatible with Headphones/Speakers/Car/PC/MP3/Smartphone and More
B0CDW6LFQR,アンプ,オーディオ機器,719,899,4.5,481,200+ bought in past month,,In Stock Click here for details of availability.,https://www.amazon.co.jp/dp/B0CDW6LFQR,https://m.media-amazon.com/images/I/71SEjh5bFgL._AC_SY300_SX300_QL70_ML2_.jpg,"UGREEN Improved Model High-Speed HDMI Cable 4K 60Hz HDMI 2.0 Premium Aluminum Alloy Ethernet ARC 4K Full HD 1080P 3D Compatible with PS5, PS4, Xbox, Switch, TV, Projector, Monitor, AV Amplifier, etc"
B0BHY76Y1K,USB-C ケーブル 240W 1m,ケーブル,1338,1799,4.4,4709,50+ bought in past month,,In Stock Click here for details of availability.,https://www.amazon.co.jp/dp/B0BHY76Y1K,https://m.media-amazon.com/images/I/61kig7SYEEL._AC_SY300_SX300_QL70_ML2_.jpg,"UGREEN PD3.1 240W USB C Cable, Ultra Fast Charging, USB Type C Cable, Heavy Duty Nylon, Compatible with iPhone 17/16/15 Series, MacBook Pro, iPad mini, Matebook, iPad Pro, Xperia, Galaxy, and Other Type C Models (3.3 ft (1 m)"
B0FRQJ97XJ,USB-C ケーブル 240W 1m,ケーブル,990,1660,4.8,165,100+ bought in past month,,In Stock Click here for details of availability.,https://www.amazon.co.jp/dp/B0FRQJ97XJ,https://m.media-amazon.com/images/I/71uzs3YKTKL._AC_SY300_SX300_QL70_ML2_.jpg,"UGREEN USB C Cable, Right Angle 240W PD Fast Charging Right Angle Type C Charging Cord USB Type CtoC for MacBook and Laptops with E-Marker Chip, Compatible with Most Type-C Types Including MacBook Pro Air/iPad, iPhone 17/16/15 Series, 1M"
B0F8MV7TPD,ルーター,ネットワーク機器,599,,4.2,197,100+ bought in past month,,In Stock Click here for details of availability.,https://www.amazon.co.jp/dp/B0F8MV7TPD,https://m.media-amazon.com/images/I/61gsQ9Iq8vL._AC_SY300_SX300_QL70_ML2_.jpg,UGREEN LAN Cable CAT6A 1M Mesh LAN Cable Category 6A Connector RJ45 High Speed 10Gbps/500MHz CAT6A Compliant Ethernet Cable Ethernet Cable Anti-Break PVC Material Compatible with Modem Router PS3 PS4
B0G397793D,USB-C ケーブル 18W,ケーブル,879,1190,4.5,63,100+ bought in past month,,In Stock Click here for details of availability.,https://www.amazon.co.jp/dp/B0G397793D,https://m.media-amazon.com/images/I/61sB7oyfkcL._AC_SY300_SX300_QL70_ML2_.jpg,"UGREEN USB C Cable, USB A to C Charging Cable, 18W, QC3.0, Rapid Charging, Set of 2, Heavy Duty Nylon, 3A Max, Type C, iPhone 17, 16, 15, Xperia, Galaxy, LG, iPad Pro, PS5 Controller, Other Apple"
B0DP9R2LRG,Thunderbolt 4 ドック 240W,USBハブ・ドック,2519,3290,4.3,942,500+ bought in past month,,In Stock Click here for details of availability.,https://www.amazon.co.jp/dp/B0DP9R2LRG,https://m.media-amazon.com/images/I/61UZLotHbKL._AC_SY300_SX300_QL70_ML2_.jpg,UGREEN USB4 Gen4 Cable 80Gbps Bi-Directional High-Speed Data Transfer PD3.1 240W Fast Charging Compatible with Thunderbolt4/3 USB 3 Downward Compatibility 16K@60Hz Video Output High Durability Nylon
B07V6PBRYG,USB-C ケーブル 60W 2m,ケーブル,1442,1890,4.2,3512,50+ bought in past month,,In Stock Click here for details of availability.,https://www.amazon.co.jp/dp/B07V6PBRYG,https://m.media-amazon.com/images/I/61LzZYBmR8L._AC_SY300_SX300_QL70_ML2_.jpg,"Ugreen L-Shaped USB C Cable, Type-C, L-Shape, 60W/3A, PD3.0 Rapid Charging, C to C, Nylon Braided, Compatible with iPhone 17/16/15 Series, Mac Book/iPad/Galaxy/Google/Switch/Drone, 6.6 ft (2 m)"
B088CQZ91C,ケーブル 2m,ケーブル,1099,,4.4,4990,200+ bought in past month,,In Stock Click here for details of availability.,https://www.amazon.co.jp/dp/B088CQZ91C,https://m.media-amazon.com/images/I/61zzaB7skAL._AC_SY300_SX300_QL70_ML2_.jpg,"UGREEN 3.5mm Audio Cable Male to Male Heavy Duty Nylon Aux Cable 3.5mm Stereo Mini Plug Headphone Cable Nylon Braided Male to Male Audio Cable Heavy Duty for Headphones, Speakers, Sounds, Cars, iPhones, iPads, iPods, PC and More 2M"
B09L4XN5CT,HDMI ケーブル 2m,ケーブル,1359,1599,4.4,2129,200+ bought in past month,,In Stock Click here for details of availability.,https://www.amazon.co.jp/dp/B09L4XN5CT,https://m.media-amazon.com/images/I/6163ne-TnsL._AC_SY300_SX300_QL70_ML2_.jpg,"UGREEN HDMI Cable, 10K, 8K, Ultra Fine, HDMI 2.1 Cable, Slim, 6.6 ft (2 m), Ultra High Speed, 48Gbps, 8K@60Hz, 4K@120Hz, Dynamic HDR, HDCP, eARC, 3D Ethernet, Compatible with PS5/PS4, Xbox Series X/S"
B0C4D8SCCQ,Thunderbolt 4 ドック,USBハブ・ドック,2124,2499,4.3,5674,400+ bought in past month,,In Stock Click here for details of availability.,https://www.amazon.co.jp/dp/B0C4D8SCCQ,https://m.media-amazon.com/images/I/613ib8Jq2PL._AC_SY300_SX300_QL70_ML2_.jpg,"UGREEN 8K 60Hz USB C to DisplayPort Conversion Cable [Unidirectional Transmission from C to DP] [DP1.4/Thunderbolt 4/3 DP Alt Mode] 4K 240Hz 144Hz DisplayPort Cable Compatible with iPhone 15, MacBook"
B07QL63BBJ,ケーブル,ケーブル,649,999,4,5082,1K+ bought in past month,,In Stock Click here for details of availability.,https://www.amazon.co.jp/dp/B07QL63BBJ,https://m.media-amazon.com/images/I/711mZ0aU7RL._AC_SY300_SX300_QL70_ML2_.jpg,UGREEN Earphone Extension Cord 3.5mm Audio Cable 4-Pole/TRRS Nylon Braided AUX Headphones Hi-Fi Sound Quality Multiple Shielding 24K Gold Plated Compatible with Smartphones/Android/iPhone/PC/TV
B082TFDRXB,ケーブル 1m,ケーブル,879,1099,4.1,599,100+ bought in past month,,In Stock Click here for details of availability.,https://www.amazon.co.jp/dp/B082TFDRXB,https://m.media-amazon.com/images/I/61VoFTMuaPL._AC_SY300_SX300_QL70_ML2_.jpg,UGREEN RCA Cable 1M Audio Cable Stereo Audio Cable 2RCA to 2RCA (Red/White) Converter HiFi Sound Quality 24K Gold-Plated Connectors
B07Z96GHBQ,Lightning ケーブル 1m,ケーブル,1279,1513,4,2725,100+ bought in past month,,In Stock Click here for details of availability.,https://www.amazon.co.jp/dp/B07Z96GHBQ,https://m.media-amazon.com/images/I/61FCW0Te9iL._AC_SY300_SX300_QL70_ML2_.jpg,"UGREEN L-Shaped USB C to Lightning Cable【MFi Certified】Lightning Cable Power Delivery Compatible 3A Fast Charging for iPhone 14 / iPhone 13/12/11/ iPad Mini, etc. Nylon Braided (1M)"
B0B27JZFQ2,USB-C ケーブル 100W 1m,ケーブル,1104,1299,4.3,6564,50+ bought in past month,,In Stock Click here for details of availability.,https://www.amazon.co.jp/dp/B0B27JZFQ2,https://m.media-amazon.com/images/I/41UC7qCiQaL._SY445_SX342_QL70_ML2_.jpg,"UGREEN USB Type C Cable, 100W / 5A PD3.0 Compatible, Ultra Fast Charging, 3.3 ft (1 m), USB C Cable, Nylon Braided, Built-in E-marker Chip, Fast Data Transfer, Compatible with Type C Devices such as"
B089F9VF6P,SSD/HDDケース,SSD・HDDケース,1249,1469,4.1,7542,50+ bought in past month,,In Stock Click here for details of availability. In Stock,https://www.amazon.co.jp/dp/B089F9VF6P,https://m.media-amazon.com/images/I/61TLu+VU-SL._AC_SY300_SX300_QL70_ML2_.jpg,"UGREEN USB Cable Male-Male USB 3.0 A-A Type 5Gbps High-Speed Transfer High Durability with Aluminum Shell and Nylon Braid for Light Supply Compatible with Cooling Fans, HDD, TV Box, Camera, DVD Player"
B0D1VKFG99,USB-C ケーブル 100W 1m,ケーブル,998,1399,4.7,2645,50+ bought in past month,,In Stock Click here for details of availability.,https://www.amazon.co.jp/dp/B0D1VKFG99,https://m.media-amazon.com/images/I/61ZOZEiAlhL._AC_SY300_SX300_QL70_ML2_.jpg,"UGREEN 100W USB C Cable, USB PD, PPS Compatible, Rapid Charging, E-Marker Chip, Data Transfer, High Quality Stainless Steel Housing, Nickel Plating, Durable Nylon Braided Type, CtoC Cable, Compatible with iPhone 17/16/15 Pro, Galaxy, Xperia, iPad Pro, MacBook Pro/Air, 3.3 ft (1 m)"
B07H27WH66,アンプ,オーディオ機器,1599,1999,4.3,8806,200+ bought in past month,,In Stock Click here for details of availability.,https://www.amazon.co.jp/dp/B07H27WH66,https://m.media-amazon.com/images/I/61Rci+h8NuL._AC_SY300_SX300_QL70_ML2_.jpg,UGREEN Microphone Cable Male to Female XLR Cable Cannon Cable 2M XLR Balanced Connection for Recording Compatible with High-Durability Condenser Microphones/AV Amplifiers/Speakers and Other Recording
B00P0GI68M,SSD/HDDケース,SSD・HDDケース,559,699,4.1,32623,400+ bought in past month,,In Stock Click here for details of availability.,https://www.amazon.co.jp/dp/B00P0GI68M,https://m.media-amazon.com/images/I/61PqXHcKGUL._AC_SY300_SX300_QL70_ML2_.jpg,"UGREEN Mini USB Cable [USB 2.0 A Male to MiniB] Male Gold Plated Connector, Compatible with PS3, Drive Recorder, Digital Camera, HDD etc. 3.3 ft (1 m)"
B00B2HOY4S,ケーブル 2m,ケーブル,1189,1399,4.2,5023,50+ bought in past month,,In Stock Click here for details of availability.,https://www.amazon.co.jp/dp/B00B2HOY4S,https://m.media-amazon.com/images/I/61VoFTMuaPL._AC_SY300_SX300_QL70_ML2_.jpg,"UGREEN RCA Cable, 6.6 ft (2 m) Audio Cable, Stereo Audio Cable, 2 RCA to 2 RCA (Red/White) Conversion, HiFi Sound Quality, 24K Gold Plated Connectors"
B0FRLZRQ7Z,マウス ワイヤレス 4000DPI,マウス,1824,2069,4.4,349,500+ bought in past month,85082,In Stock Click here for details of availability.,https://www.amazon.co.jp/dp/B0FRLZRQ7Z,https://m.media-amazon.com/images/I/618+bzzcGaL._AC_SY300_SX300_QL70_ML2_.jpg,"UGREEN Wireless Mouse, Wireless Bluetooth & 2.4 GHz, Silent Mouse, 6 Buttons, USB C, Rechargeable, Up to 4000 DPI, 5 Adjustable DPI Levels, Compatible with Windows, PC, Chromebook, and More"
B0CD1FDKT1,LAN ケーブル,LANケーブル,2474,3299,4.4,3034,500+ bought in past month,UG-USBC-25052,In Stock Click here for details of availability.,https://www.amazon.co.jp/dp/B0CD1FDKT1,https://m.media-amazon.com/images/I/61dz3hgXEbL._AC_SY300_SX300_QL70_ML2_.jpg,UGREEN Wired LAN Adapter 2.5Gbps Super High-Speed Communication USB Type C to RJ45 2500Mbps USB LAN Conversion Adapter Ethernet Adapter Gigabit LAN Cable Compatible with iPhone Series/MacBook Pro/iPad
B0GZ9176H4,USB-C ケーブル 2m,ケーブル,,,4.3,6467,,,Click here for details of availability.,https://www.amazon.co.jp/dp/B0GZ9176H4,https://m.media-amazon.com/images/I/71Wj1I+QfgL._AC_SX300_SY300_QL70_ML2_.jpg,UGREEN USB 3.0 typec ケーブル Quick Charge 3.0 usb c ケーブル 急速充電 5Gbps データ転送 ナイロン編み 高耐久性iphone17シリーズ Galaxy S21 S20 Flip Note 9T Note 8 Xperia 10 II PS5 などに対応 2M (× 2)
B0C76ZD7KV,Webカメラ,カメラ・キャプチャ,2099,2799,4.1,5731,500+ bought in past month,15728,In Stock Click here for details of availability.,https://www.amazon.co.jp/dp/B0C76ZD7KV,https://m.media-amazon.com/images/I/61OOmC0MH7L._AC_SY300_SX300_QL70_ML2_.jpg,"UGREEN Webcam, FineCam Lite Web Camera, 1080P @ 30Hz, 2 Megapixels, 85° Ultra Wide Viewing Angle, Built-in Mic, Automatic Light Compensation, Clip/Stand, Plug & Play, PC Camera, Windows 7/8/8.1/10/11, Mac OS Zoom/Teams/Skype/Live Delivery, For Home Work, Classes/Meetings"
B07PG6WD1F,急速充電器,充電器,845,990,4.3,1780,1K+ bought in past month,60447JP,In Stock Click here for details of availability.,https://www.amazon.co.jp/dp/B07PG6WD1F,https://m.media-amazon.com/images/I/614x0ZmvotL._AC_SY300_SX300_QL70_ML2_.jpg,"UGREEN Micro USB Converter Adapter 2-Pack USB C to Micro USB Converter Connector Fast Charging and Data Sync Compatible with Xperia, Galaxy S7 Edge, Nexus, P10 Lite and Other Micro USB Devices with"
B07Q97VFNS,Lightning ケーブル,ケーブル,1359,1517,4,4845,100+ bought in past month,,In Stock Click here for details of availability.,https://www.amazon.co.jp/dp/B07Q97VFNS,https://m.media-amazon.com/images/I/61lcsuzTqWL._AC_SY300_SX300_QL70_ML2_.jpg,UGREEN Lightning USB Cable L-Shaped MFi Certified iPhone Charging Cable Sideways Game Use for iPhone 14 13 12 11 iPad AirPods etc. Lightning Compatible iPhone Charging Cord Black 1 Meter (3.3 Feet)
B07G7226KG,USB-C ケーブル 1m,ケーブル,952,1190,4.3,4551,500+ bought in past month,,In Stock Click here for details of availability.,https://www.amazon.co.jp/dp/B07G7226KG,https://m.media-amazon.com/images/I/61hXFKt7qTL._AC_SY300_SX300_QL70_ML2_.jpg,"UGREEN USB Type-C Cable, USB-A to USB-C Cable, L-Shaped, Nylon Braided, 3A Fast Charging, Quick Charge 3.0/2.0 Compatible, 56K Resistor Installed, Compatible with iPhone 15, etc., 3.3 ft (1 m)"
B0DJ2XZB1X,DisplayPort to HDMI Conversion Adapter 4,その他,1199,1499,4.3,2221,500+ bought in past month,55935,In Stock Click here for details of availability.,https://www.amazon.co.jp/dp/B0DJ2XZB1X,https://m.media-amazon.com/images/I/61eRX+FVg+L._AC_SY300_SX300_QL70_ML2_.jpg,UGREEN DisplayPort to HDMI Conversion Adapter 4K@30Hz 2pack
B0798LV896,SSD/HDDケース,SSD・HDDケース,1189,1399,4.2,1918,100+ bought in past month,,In Stock Click here for details of availability.,https://www.amazon.co.jp/dp/B0798LV896,https://m.media-amazon.com/images/I/51iXSFmoQiL._AC_SY300_SX300_QL70_ML2_.jpg,"UGREEN USB 3.0 MicroB USB Cable Type A Male to Micro Type B Male High-Speed Transfer and Fast Charging Compatible with External HDD, SSD, Blu-ray BD Drive, Digital Camera, Galaxy Note 3, S5, etc. 2M"
B01EFPX9XA,SDカードリーダー,SDカードリーダー,849,999,4.1,25135,1K+ bought in past month,20250,In Stock Click here for details of availability.,https://www.amazon.co.jp/dp/B01EFPX9XA,https://m.media-amazon.com/images/I/6155TeibrLL._AC_SY300_SX300_QL70_ML2_.jpg,"UGREEN Card Reader, USB 3.0 High Speed SD TF Card Reader Writer with 2 Slots Card Simultaneously Read and Write"
B00B2HP1FY,ケーブル,ケーブル,934,1099,4.2,6555,100+ bought in past month,,In Stock Click here for details of availability.,https://www.amazon.co.jp/dp/B00B2HP1FY,https://m.media-amazon.com/images/I/61VGM46dbzL._AC_SY300_SX300_QL70_ML2_.jpg,UGREEN 25cm RCA 3.5mm Stereo Mini Plug Female to 2RCA Male Red and White Cable Y Splitter Gold Plated RCA 3.5mm
B07WR5PYLJ,USB-C ケーブル 100W,ケーブル,1767,2490,4.2,1250,300+ bought in past month,,In Stock Click here for details of availability.,https://www.amazon.co.jp/dp/B07WR5PYLJ,https://m.media-amazon.com/images/I/61srHIiH4QL._AC_SY300_SX300_QL70_ML2_.jpg,UGREEN USB Type-C Cable 【4K/60HZ Video Output】 PD 100W/5A Fast Charging USB 3.1 Standard Thunderbolt 3 Compatible 5Gbps High-Speed Data Transfer E-marker Built-in Type C Cable Compatible with iPhone
B0CGHQ8HQR,キーボード,キーボード,2199,,4.5,11371,,,In Stock Click here for details of availability.,https://www.amazon.co.jp/dp/B0CGHQ8HQR,https://m.media-amazon.com/images/I/619yXna8GRL._AC_SY300_SX300_QL70_ML2_.jpg,"UGREEN USB B to C Printer Cable, USB Cable, Type-C to Type-B Cable, High Durability, for Audio DAC, Mixer, MIDI Keyboard, Electronic Piano, DJ Controller, Printer, Scanner, Fax Machine, 16.4 ft (5 m)"
B07VQTRYY4,USB-C ケーブル,ケーブル,600,750,4.3,971,500+ bought in past month,,In Stock Click here for details of availability.,https://www.amazon.co.jp/dp/B07VQTRYY4,https://m.media-amazon.com/images/I/71KRIcVVTaS._AC_SY300_SX300_QL70_ML2_.jpg,"UGREEN Micro USB Cable, Fast Charging Android Cable, High-Speed Data Transfer, Nylon Braided, Over 10,000 Bend Tests, Compatible with Sharp Aquos/Sony Xperia/Asus/Galaxy and More, Charging Cord for"
B0DYV5MPLF,マウス,マウス,1529,1799,4.2,3544,500+ bought in past month,75073,In Stock Click here for details of availability.,https://www.amazon.co.jp/dp/B0DYV5MPLF,https://m.media-amazon.com/images/I/61xaLCwzI8L._AC_SY300_SX300_QL70_ML2_.jpg,"UGREEN Bluetooth 6.0 Adapter, PC, USB Bluetooth Dongle Receiver, EDR & BLE Mode, Compatible with Windows 11/10/8.1, Plug & Play, Compatible with Headphones/Keyboard/Mouse/Speakers/Printers, Loss"
B0C77RKVHG,HDMI ケーブル,ケーブル,1999,2699,4.4,2129,300+ bought in past month,,In Stock Click here for details of availability.,https://www.amazon.co.jp/dp/B0C77RKVHG,https://m.media-amazon.com/images/I/61M2xwoX7PL._AC_SY300_SX300_QL70_ML2_.jpg,UGREEN HDMI Cable 10K 8K Ultra-Slim HDMI 2.1 Cable Slim 16.4 ft Super-Fast 48Gbps 8K@60Hz 4K@120Hz Dynamic HDR HDCP eARC 3D Ethernet Compatible Easy to Handle PS5/PS4 Xbox Series X/S HDTV Projector
B086DPB7LH,ルーター,ネットワーク機器,1018,1199,4.4,8115,50+ bought in past month,,In Stock Click here for details of availability.,https://www.amazon.co.jp/dp/B086DPB7LH,https://m.media-amazon.com/images/I/71IMYh8I2vL._AC_SY300_SX300_QL70_ML2_.jpg,"UGREEN LAN Cable, CAT7 (2M) Mesh LAN Cable, Category 7 Connector, Ultra Bright 10Gbps/600MHz CAT7 Compliant, Ethernet Cable, Anti-Breakage Shield, Compatible with Modems, Routers, PS3, PS4, Xbox and More"
B00QV3THB8,USB 延長ケーブル 0.5m,USB延長ケーブル,879,1099,4.2,27119,200+ bought in past month,,In Stock Click here for details of availability.,https://www.amazon.co.jp/dp/B00QV3THB8,https://m.media-amazon.com/images/I/61jAXOVb5-L._AC_SY300_SX300_QL70_ML2_.jpg,"UGREEN HDMI Extension Cable Extension Cord 4K 60Hz 3D Support (HDMI Male to Female) for PS4/PS3 Fire TV Stick, HDTV, PC, Switch and More High Speed Gold Plated Connectors-0.5m"
B0CY1Y3TSQ,急速充電器,充電器,1274,1499,4.3,15017,1K+ bought in past month,US701,In Stock Click here for details of availability.,https://www.amazon.co.jp/dp/B0CY1Y3TSQ,https://m.media-amazon.com/images/I/51F002tutSL._AC_SY300_SX300_QL70_ML2_.jpg,UGREEN USB Type-C Adapter USB 3.1 10Gbps Type C Female to USB 3.0 Male Converter QC3.0 Fast Charging and High-Speed Data Transfer Sync Compatible with Windows 10 / Mac OS MacBook iPad Pro iPhone 13/12
B091B4SWR7,スマホホルダー,スマホアクセサリー,2143,2899,4.4,7512,500+ bought in past month,20471,In Stock Click here for details of availability.,https://www.amazon.co.jp/dp/B091B4SWR7,https://m.media-amazon.com/images/I/51F+GdVLq-L._AC_SY300_SX300_QL70_ML2_.jpg,"UGREEN Vertical Laptop Stand, PC Stand, Vertical Storage, Adjustable Width, Aluminum Alloy, Silicone Rubber, Scratch-Resistant, Compatible with All Mac, Surface, iPad, HP, etc. (Gray)"
B0CFQ2BMPZ,Thunderbolt 4 ドック 2-in-1,USBハブ・ドック,2549,3399,3.9,1619,300+ bought in past month,25854,In Stock Click here for details of availability.,https://www.amazon.co.jp/dp/B0CFQ2BMPZ,https://m.media-amazon.com/images/I/61YYkY3FY-L._AC_SY300_SX300_QL70_ML2_.jpg,UGREEN HDMI Capture Board 1080P 60FPS 4K Input Video Capture 2in1 USB Type C Thunderbolt 4 Compact and Lightweight Game Streaming and Live Broadcasting Video Recording Live Meetings Switch PS5 Xbox
B08TQKNC62,DAC,オーディオ機器,1359,1580,3.8,4672,300+ bought in past month,30638,In Stock Click here for details of availability.,https://www.amazon.co.jp/dp/B08TQKNC62,https://m.media-amazon.com/images/I/51sydcG0HSL._AC_SY300_SX300_QL70_ML2_.jpg,"UGREEN Type C Earphones, Wired HiFi with Microphone, Canal Type, Clear Calls, Volume Control, Remote Control, USB C DAC Equipped, Sound Leak Proof, Environment Noise Cancelling, Compact and"
B0DZX8GQB5,ワイヤレス充電器 25W MagSafe,ワイヤレス充電器,3293,4390,4.1,832,500+ bought in past month,W758,In Stock Click here for details of availability.,https://www.amazon.co.jp/dp/B0DZX8GQB5,https://m.media-amazon.com/images/I/61v3RDRtYKL._AC_SY300_SX300_QL70_ML2_.jpg,"Ugreen MagFlow 2025 Latest Technology Innovation, 25 W Qi2 Wireless Charger, Car Mount, Air Conditioning Outlet Mount, MagSafe Compatible, Super Strong Magnetic, Quick Charging, Just Place It On, iPhone 17 Pro Max, 17 Air, iPhone 16 (iOS 26 Version), Max 25W Output Magnetic, MagSafe Charger, Qi2 Certified 360 Certified Degree rotation with one hand Operation Smartphone Holder"
B08Y8CJKJC,スマホケース,スマホアクセサリー,1279,1599,4.2,1751,50+ bought in past month,20805,In Stock Click here for details of availability.,https://www.amazon.co.jp/dp/B08Y8CJKJC,https://m.media-amazon.com/images/I/614PQ78umcL._AC_SY300_SX300_QL70_ML2_.jpg,"UGREEN USB 3.0 Hub, 4 Port Expansion, Compatible with Laptops, PS5, PS4, Xbox, Surface, USB-C Port for Power Supply, Supports Both Self and Bus Power, Aluminum Case, Ideal for Home Work, Gaming"
B0CYSRB4M2,USB 延長ケーブル,USB延長ケーブル,1495,2080,4.2,10515,200+ bought in past month,,In Stock Click here for details of availability.,https://www.amazon.co.jp/dp/B0CYSRB4M2,https://m.media-amazon.com/images/I/71QymOTrhfL._AC_SY300_SX300_QL70_ML2_.jpg,"UGREEN USB-C Extension Cable, Extension Cord, PD Compatible, 100W/5A, Fast Charging, USB 3.2, Gen2 (10Gbps), Fast Data Transfer, Compatible with 4K @ 60Hz, Type C, Thunderbolt 3 Compatible, Two-Way"
B0CWV2Q6HJ,Wired LAN Adapter 2.5Gbps USB LAN Conver,その他,2385,3180,4.3,1809,300+ bought in past month,25051,In Stock Click here for details of availability.,https://www.amazon.co.jp/dp/B0CWV2Q6HJ,https://m.media-amazon.com/images/I/61hNx-6c0EL._AC_SY300_SX300_QL70_ML2_.jpg,UGREEN Wired LAN Adapter 2.5Gbps USB LAN Converter Adapter USB A 3.2 Gen 1 2500Mbps Ethernet Adapter Gigabit Ethernet Compatible with Windows/Mac OS
B0CR6JBJDH,USB-Cハブ 4-in-1,USBハブ・ドック,1679,2199,4.2,3483,500+ bought in past month,CM806,In Stock Click here for details of availability.,https://www.amazon.co.jp/dp/B0CR6JBJDH,https://m.media-amazon.com/images/I/61KytWUwxnL._AC_SY300_SX300_QL70_ML2_.jpg,"UGREEN USB-C Hub 4 Ports 4xUSB-C USB3.2 Gen2 10Gbps High-Speed Data Transfer Lightweight Conversion Adapter 4-in-1 Type-C Expansion Hub Compatible with MacBook Pro/Air, iMac, iPad Pro/iPad Air, iPhone"
B0D7VS1HSW,USB-C ケーブル 100W 1m,ケーブル,,,4.6,2,,CD244,Click here for details of availability.,https://www.amazon.co.jp/dp/B0D7VS1HSW,https://m.media-amazon.com/images/I/61jPGlYIJdL._AC_SY300_SX300_QL70_ML2_.jpg,"UGREEN Nexode 65W Rapid Charger, Type-C, Genuine Product, 3 Ports, 2 USB-C and 1 USB-A, UGREEN 100W USB C Cable, 3.3 ft (1 m)"
B0F8MNGVRZ,USB-Cハブ 6-in-1 100W,USBハブ・ドック,3108,4199,4,203,100+ bought in past month,75775,In Stock Click here for details of availability.,https://www.amazon.co.jp/dp/B0F8MNGVRZ,https://m.media-amazon.com/images/I/71nYXbUqxDL._AC_SY300_SX300_QL70_ML2_.jpg,"UGREEN USB Hub, 6-in-1, 4K@60Hz, USB-C Video Output, 100W, PD Input, 5 High-Speed USB Ports, USB-A 3.2, Gen2, 10Gbps, High Speed Transfer, Equipped with USB-C and USB-A Port, Compatible with Macbook, Neo, Windows, MacOS, Linux, etc"
B09PHNR8KJ,スマホホルダー MagSafe,スマホアクセサリー,1863,2299,3.9,3669,200+ bought in past month,90527,In Stock Click here for details of availability.,https://www.amazon.co.jp/dp/B09PHNR8KJ,https://m.media-amazon.com/images/I/519zBCnSFoL._AC_SY300_SX300_QL70_ML2_.jpg,"UGREEN Car Holder, Magnetic Type, Compatible with Magsafe, Ultra Strong Magnetic, One Hand Operation, Car Smartphone Holder, Compatible with Air Conditioning Vent, 360° Rotation, Stable, Easy Installation, Compatible with 4.3 - 7.6 inches, iPhone 17, 16, 15, 14, Samsung, Xperia, LG, Huawei, etc"
B0B129NNV1,HDMIスプリッター,HDMI関連,2479,3180,3.7,622,100+ bought in past month,90513,In Stock Click here for details of availability.,https://www.amazon.co.jp/dp/B0B129NNV1,https://m.media-amazon.com/images/I/61pztoQeYTL._AC_SY300_SX300_QL70_ML2_.jpg,UGREEN HDMI Splitter 1 Input 2 Output 4K@60Hz HDM Splitter [Includes HDMI Cable] Dual Screen Output 3D Image Support HDCP2.2 [Confirmed Operation with PS3/PS4/PS5/Switch]
B0FCSLL62Y,キーボード ワイヤレス,キーボード,3693,5280,4.1,83,300+ bought in past month,K552,In Stock Click here for details of availability.,https://www.amazon.co.jp/dp/B0FCSLL62Y,https://m.media-amazon.com/images/I/61Dj1wsoH4L._AC_SY300_SX300_QL70_ML2_.jpg,"UGREEN Wireless Keyboard, Bluetooth & 2.4G, Full Keyboard with Numeric Key, USB-C Rechargeable, Thin, JIS Japanese Layout, Supports Up to 3 Multi-Pairing Devices, Compatible with IOS/Android/Windows/Mac OS"
B0F6LG4JTZ,スマホケース,スマホアクセサリー,1399,1999,4,1176,200+ bought in past month,CM520,In Stock Click here for details of availability.,https://www.amazon.co.jp/dp/B0F6LG4JTZ,https://m.media-amazon.com/images/I/51Q8sPcxFWL._AC_SY300_SX300_QL70_ML2_.jpg,"UGREEN FineTrack Mini Smart Finder 1 x Apple ""Find"" (iOS Only) Compatible with iPhone, 18 Months Replaceable Battery, 80dB Beep Sound Smart Tag, Anti-lost Tag/Finder, Bluetooth Tracker for Bags, Keys, Suitcase, Passport"
B0BVFSF57H,スマホホルダー,スマホアクセサリー,1799,2190,4.1,4844,400+ bought in past month,15321,In Stock Click here for details of availability.,https://www.amazon.co.jp/dp/B0BVFSF57H,https://m.media-amazon.com/images/I/61AyUWfpuBL._AC_SY300_SX300_QL70_ML2_.jpg,UGREEN Car Mount Phone Holder Air Vent Non-Blocking Gravity-Style Holder Freely Adjustable Arm Mobile Phone Holder Car 4.7 to 7.2 inches Compatible with iPhone 17 16 15 14 Xperia AQUOS and More
B07VNM61ZL,USB-C ケーブル 2m,ケーブル,915,998,4.3,971,200+ bought in past month,,In Stock Click here for details of availability.,https://www.amazon.co.jp/dp/B07VNM61ZL,https://m.media-amazon.com/images/I/71KRIcVVTaS._AC_SY300_SX300_QL70_ML2_.jpg,UGREEN Micro USB Cable Fast Charging Android Cable High-Speed Data Transfer Nylon Braided Multi-Device Compatible Charging Cord Android Smartphone Charging Cable Micro USB Cable (2m)
B0DXKZD42L,SSD/HDDケース NVMe,SSD・HDDケース,106255,129880,4.2,91,,DXP480T Plus（HDD付属なし）,In Stock Click here for details of availability.,https://www.amazon.co.jp/dp/B0DXKZD42L,https://m.media-amazon.com/images/I/51HM+9TPNEL._AC_SY300_SX300_QL70_ML2_.jpg,UGREEN NAS DXP480T Plus 4 Bay All-Flash SSD NAS Intel i5 1235u 10 Core CPU 8GB DDR5 RAM Internal 128G SSD 10GbE Port Wi-Fi 6 4 * M.2 NVMe Slot 8K HDMI 2 * TBT4 Network Connection Storage (Hard Drive
B07V7SGJH3,USB-C ケーブル 60W,ケーブル,1275,1590,4.2,3512,100+ bought in past month,,In Stock Click here for details of availability.,https://www.amazon.co.jp/dp/B07V7SGJH3,https://m.media-amazon.com/images/I/61LzZYBmR8L._AC_SY300_SX300_QL70_ML2_.jpg,UGREEN [L-shaped] USB C Cable Type-c L-shaped 60W/3A PD/PPS Fast Charging C to C Nylon Braided Compatible with iPhone 17/16/15 Series/MacBook/iPad/Galaxy/Google/Switch/Drones and Other USB-C Devices
B0H371NZS9,USB-A ケーブル 18W 1m,ケーブル,1812,2589,,,,,In Stock Click here for details of availability.,https://www.amazon.co.jp/dp/B0H371NZS9,https://m.media-amazon.com/images/I/711qos9UkfL._AC_SY300_SX300_QL70_ML2_.jpg,UGREEN 充電ケーブル USB A to C 2本+6個セットマグネット式ケーブルホルダー 【18W急速充電/3A】 タイプCケーブル 1M 2本+ 6個 コードオーガナイザー 粘着式 デスク周り整理 【CarPlay対応/高耐久】 iPhone 17/16/15/Android対応 ブラック
B0F8NN6B5C,USB-C ケーブル 18W 5m,ケーブル,2828,3880,3.9,176,100+ bought in past month,,In Stock Click here for details of availability.,https://www.amazon.co.jp/dp/B0F8NN6B5C,https://m.media-amazon.com/images/I/616GSjHdkQL._AC_SY300_SX300_QL70_ML2_.jpg,"UGREEN VR Link Cable 5m USB-A to USB-C for Quest 3/Quest 3S/Quest 2/Pro/Pico 4, USB3.2 Gen1 5Gbps High-Speed Data Transfer, 18W Fast Charging, Signal Boosting Chip, 90° L-Shaped Plug for PCVR Gaming"
B085G36K9V,USB-C ケーブル 60W,ケーブル,1519,1899,4.3,14138,100+ bought in past month,,In Stock Click here for details of availability.,https://www.amazon.co.jp/dp/B085G36K9V,https://m.media-amazon.com/images/I/61Uc1zXpngL._AC_SY300_SX300_QL70_ML2_.jpg,"UGREEN USB C Cable, L-Shape, Type-C, L-Type, PD, 60W/3A, Rapid Charging, Anti-disconnection, Nylon Braided, For Android Smartphones, iPhone 17/16/15 Series, MacBook/iPad/Galaxy/Google/HP/Switch/Drones"
B0G399VK1P,USB-C ケーブル 18W,ケーブル,756,890,4.5,63,100+ bought in past month,,In Stock Click here for details of availability.,https://www.amazon.co.jp/dp/B0G399VK1P,https://m.media-amazon.com/images/I/61sB7oyfkcL._AC_SY300_SX300_QL70_ML2_.jpg,"UGREEN USB C Cable, USB A to C Charging Cable, 18W, QC3.0, Rapid Charging, Set of 2, Heavy Duty Nylon, 3A Max, Type C, iPhone 17, 16, 15, Xperia, Galaxy, LG, iPad Pro, PS5 Controller, Other Apple"
B09PB8DJ28,USB-C ケーブル 240W,ケーブル,1388,1990,4.4,4709,200+ bought in past month,,In Stock Click here for details of availability.,https://www.amazon.co.jp/dp/B09PB8DJ28,https://m.media-amazon.com/images/I/61kig7SYEEL._AC_SY300_SX300_QL70_ML2_.jpg,"UGREEN USB C Cable 240W PD3.1 Ultra Fast Charging USB Type C Cable High-Durability Nylon Compatible with iPhone 17/16/15 Series, MacBook Pro, iPad Mini, Matebook, iPad Pro, Xperia, Galaxy, and Other"
B0F62VBJXJ,USB-C ケーブル 140W,ケーブル,1676,2280,4.1,207,100+ bought in past month,,In Stock Click here for details of availability.,https://www.amazon.co.jp/dp/B0F62VBJXJ,https://m.media-amazon.com/images/I/714Wj0C4jXL._AC_SY300_SX300_QL70_ML2_.jpg,"UGREEN 140W 2-in-1 USB C Cable, Type C Dual Prong Charging Cable, PD3.1, Fast Charging, Supports 2 Devices Simultaneous Charging, E-Marker Chip, Durable Nylon Braided, Compatible with iPhone 17/16pro"
B0CNXR92YZ,USB-C ケーブル 100W,ケーブル,1986,2899,4.1,312,,,In Stock Click here for details of availability.,https://www.amazon.co.jp/dp/B0CNXR92YZ,https://m.media-amazon.com/images/I/6100W63sgIL._AC_SY300_SX300_QL70_ML2_.jpg,UGREEN USB C Splitter Cable 2-in-1 iPhone Charging Cable 100W PD3.0 Fast Charging Type C Splitter USB Type-C 2-Way with E-maker Chip Anti-Disconnect Compatible with iPhone 17/16/15 Series/MacBook/iPad
B07PHY592P,USB-C ケーブル 2m,ケーブル,1099,1399,4.3,5204,100+ bought in past month,,In Stock Click here for details of availability.,https://www.amazon.co.jp/dp/B07PHY592P,https://m.media-amazon.com/images/I/71ZLDiVTMHL._AC_SY300_SX300_QL70_ML2_.jpg,"UGREEN USB Type C L-Shaped Cable 2m, QC3.0/2.0 Compatible, Rapid Charge, Data Transfer, Nylon Braid, High Durability, Suitable for iPhone 17 Series, Xperia XZ2, Galaxy S9, etc"
B09TK6Y4TZ,Lightning ケーブル 1m,ケーブル,1980,,4.5,1410,50+ bought in past month,,In Stock Click here for details of availability.,https://www.amazon.co.jp/dp/B09TK6Y4TZ,https://m.media-amazon.com/images/I/71bpkD1iyUL._AC_SY300_SX300_QL70_ML2_.jpg,"Ugreen USB Type C Lightning Cable, MFi Certified, PD Compatible, Silicone Cable with High Density Nylon Braided Exterior), Charging Cable, USB C, Rapid Charging, C94 Connector, Compatible with Various Types of iPhones, iPads, iPods, and AirPods, Black, 3.3 ft (1 m)"
B0CJ4VFYBZ,ケーブル,ケーブル,2099,2499,4,5082,50+ bought in past month,,In Stock Click here for details of availability.,https://www.amazon.co.jp/dp/B0CJ4VFYBZ,https://m.media-amazon.com/images/I/71FPpBl6DKL._AC_SY300_SX300_QL70_ML2_.jpg,"UGREEN Earphone Extension Cord, 0.14 inch (3.5 mm) Audio Cable, 4-Pole/TRRS Nylon Braided, AUX Headphones, Hi-Fi Sound Quality, Multiple Shielding, 24K Gold Plated, Compatible with Smartphones"
B0C4KWCBRY,ルーター,ネットワーク機器,1948,2599,4.6,966,100+ bought in past month,,In Stock Click here for details of availability.,https://www.amazon.co.jp/dp/B0C4KWCBRY,https://m.media-amazon.com/images/I/71dIB+na32L._AC_SY300_SX300_QL70_ML2_.jpg,"UGREEN LAN Cable CAT8, High Speed, 40 Gbps/2000 MHz, Flat Cable, 40 Giga, Category 8, Prevents Clip Breakage, Soft, U/FTP Shielded, Ethernet Cable, Shielded, Compatible with Modem, Router, PS5, Xbox"
B08XJP9GMP,USB-C ケーブル,ケーブル,749,999,4.3,6467,500+ bought in past month,,In Stock Click here for details of availability.,https://www.amazon.co.jp/dp/B08XJP9GMP,https://m.media-amazon.com/images/I/61dOb3g+AxL._AC_SY300_SX300_QL70_ML2_.jpg,UGREEN USB 3.0 Type C Cable Quick Charge 3.0 USB C Cable VR Fast Charging 5Gbps Data Transfer Nylon Braided High Durability Compatible with iPhone 17 Series Galaxy S21 S20 Flip Note 9T Note 8 Xperia
B0DXKZV61R,SSD/HDDケース NVMe,SSD・HDDケース,53890,59880,4.4,146,100+ bought in past month,DXP2800,In Stock Click here for details of availability.,https://www.amazon.co.jp/dp/B0DXKZV61R,https://m.media-amazon.com/images/I/61WvMIHMDcL._AC_SY300_SX300_QL70_ML2_.jpg,"UGREEN NASync DXP2800 2 Bay Desktop NAS Kit, Intel N100 Quad Core CPU, 8GB DDR5 RAM, 2.5GbE, 2 * M.2 NVMe Slots, 4K HDMI, Network Attached Storage (Hard Drive Not Included)"
B015PZ7QO2,スピーカー,スピーカー,5307,,4.2,50956,,,In Stock Click here for details of availability.,https://www.amazon.co.jp/dp/B015PZ7QO2,https://m.media-amazon.com/images/I/61sB+yuJGSL._AC_SY300_SX300_QL70_ML2_.jpg,UGREEN 3.5mm - RCAケーブル、3.3フィート RCAオス→AUXオーディオアダプター HiFiサウンドヘッドホンジャックアダプター メタルシェル Yスプリッター 補助コード 1/8コネクター 電話スピーカー MP3 タブレット HDTV用
B0FNCT8NS7,急速充電器 240W,充電器,1424,1899,4.7,326,200+ bought in past month,85234,In Stock Click here for details of availability.,https://www.amazon.co.jp/dp/B0FNCT8NS7,https://m.media-amazon.com/images/I/61ApFAC09zL._AC_SY300_SX300_QL70_ML2_.jpg,"UGREEN 90 Degree Right Angle USB-C Adapter, 3 Pack, 240WPD Ultra Fast Charging, 40Gbps Fast Transfer, Type-C Male to USB 4.0 Female Adapter, 8K@60Hz Video Output, L-Shape, 90 Degree OTG, Compatible with iPhone 17/16, MacBook, iPad/Mac Mini, Steam Deck, Aluminum Alloy"
B0DP9QW8DY,DAC,オーディオ機器,1784,2099,4.4,525,100+ bought in past month,,In Stock Click here for details of availability.,https://www.amazon.co.jp/dp/B0DP9QW8DY,https://m.media-amazon.com/images/I/61BlymBOAdL._AC_SY300_SX300_QL70_ML2_.jpg,UGREEN USB C AUX Conversion Cable Type C to 3.5mm Audio Cable 32bit/384KHz Hi-Res Sound Quality DAC Equipped High Durability Nylon Braided USB C 3.5mm Conversion Cable Compatible with iPhone 17/16/15
B0G13246TS,DAC,オーディオ機器,1129,1699,4.5,371,300+ bought in past month,95589,In Stock Click here for details of availability.,https://www.amazon.co.jp/dp/B0G13246TS,https://m.media-amazon.com/images/I/71zqm1UT4rL._AC_SY300_SX300_QL70_ML2_.jpg,"UGREEN USB-C to 3.5mm Earphone Adapter, Built-In 24bit/96kHz, HiFi DAC L-Shaped Cable, Nylon Braided for Volume Control, Call and Music Compatible iPhone 17/16 Pro Max/iPad/Galaxy S25 S24 Ultra/Pixel 10"
B0D53WKGPB,HDMI ケーブル,ケーブル,1599,1899,4,1845,200+ bought in past month,,In Stock Click here for details of availability.,https://www.amazon.co.jp/dp/B0D53WKGPB,https://m.media-amazon.com/images/I/61TqcG9wLXL._AC_SY300_SX300_QL70_ML2_.jpg,"UGREEN 4K DisplayPort (DisplayPort) to HDMI Conversion Cable 1080P@120Hz 4K@30Hz One-Way Transmission DP 1.2 to HDMI 1.4 Conversion Cord High Durability Compatible with Monitor, Projector, HDTV"
B07CQG6WY8,アンプ,オーディオ機器,2619,3099,4.2,1584,100+ bought in past month,,In Stock Click here for details of availability. In Stock,https://www.amazon.co.jp/dp/B07CQG6WY8,https://m.media-amazon.com/images/I/61N1cMDwzTL._AC_SY300_SX300_QL70_ML2_.jpg,UGREEN USB Extension Cable 10M Active Repeater Signal Amplifier Fast Data Transfer No Delay Stable Connection Easy Handling USB-A Male USB-A Female
B089F9V5GK,SSD/HDDケース,SSD・HDDケース,849,998,4.3,5256,200+ bought in past month,,In Stock Click here for details of availability.,https://www.amazon.co.jp/dp/B089F9V5GK,https://m.media-amazon.com/images/I/61b1mxRc-RL._AC_SY300_SX300_QL70_ML2_.jpg,"UGREEN USB Mini B Cable, Mini USB Type B, Charging USB Cable, High Durability, Nylon Braided, Compatible with Digital Camera, PS3 Controller, Dash Cam, HDD, GPS, Type A Male to Mini B Male, 1m"
B0GD6WPX2R,HDMI ケーブル,ケーブル,1119,1399,4.1,7,,95475,In Stock Click here for details of availability.,https://www.amazon.co.jp/dp/B0GD6WPX2R,https://m.media-amazon.com/images/I/61+HrNjipJL._AC_SY300_SX300_QL70_ML2_.jpg,UGREEN miniDP to HDMI Cable 0.2m
B00QUZY4UG,USB-C ケーブル 1m,ケーブル,1203,1599,3.9,8263,100+ bought in past month,,In Stock Click here for details of availability.,https://www.amazon.co.jp/dp/B00QUZY4UG,https://m.media-amazon.com/images/I/61N0K3md5nL._AC_SY300_SX300_QL70_ML2_.jpg,UGREEN RS232C USB Cable USB to Serial Converter Cable [USB-A to D-Sub9 Pin] Serial Cable Support Windows 10/8.1/8/7/XP/Linux/Mac OS 1M
B074PR346B,USB-C ケーブル,ケーブル,999,,4.2,4730,,,In Stock Click here for details of availability.,https://www.amazon.co.jp/dp/B074PR346B,https://m.media-amazon.com/images/I/51qHDjIbvJL._AC_SY300_SX300_QL70_ML2_.jpg,"UGREEN USB Type C Cable, 2.4A Fast Charging Nylon Braided Cable, Compatible with Quick Charge 3.0, USB C to USB A Cable, USB2.0, Gold-plated Connectors, Comes with 56K Resistor, For Xperia XZ, Huawei P9/Honor8, AQUOS R, Galaxy S8/S8 Plus, Nexus 5X/6P, Google Pixel 2XL, Nintendo Switch, GoPro Hero 6"
B08YWWF5RP,USB 延長ケーブル 1m,USB延長ケーブル,1899,,4.2,2526,50+ bought in past month,,In Stock Click here for details of availability.,https://www.amazon.co.jp/dp/B08YWWF5RP,https://m.media-amazon.com/images/I/71OCS4DkOGL._AC_SY300_SX300_QL70_ML2_.jpg,UGREEN 8K HDMI Extension Cable HDMI 2.1 Extension Cord Support 8K 48Gbps 8K 60Hz HDMI 2.1 Extension Cable Support 4K@120Hz 3D HDR eARC Compatible with MacBook Pro2021/TV Stick/Xbox/PS5/HDTV/PC Male to Female-1m
B0G5XKKJD4,HDMI ケーブル 2m,ケーブル,1599,,4.5,61,,,Only 13 left in stock - order soon. Click here for details of availability.,https://www.amazon.co.jp/dp/B0G5XKKJD4,https://m.media-amazon.com/images/I/719tM9e2CbL._AC_SY300_SX300_QL70_ML2_.jpg,UGREEN 最新L型 8K 60Hz HDMI ケーブル 直角デザイン HDMI2.1 Ultra High Speed 超高速 48Gbps 10K 8K 4K UHD Dynamic HDR eARC 3D イーサネット対応 アルミ合金とナイロン編み素材 2M
B0G5YWR7JH,HDMI2.1 最新L型変換アダプタ 90度+270度（2個セット）HDMIオス,その他,1599,,4.8,43,50+ bought in past month,85632,In Stock Click here for details of availability.,https://www.amazon.co.jp/dp/B0G5YWR7JH,https://m.media-amazon.com/images/I/51AlVz+9CfL._AC_SY300_SX300_QL70_ML2_.jpg,UGREEN HDMI2.1 最新L型変換アダプタ 90度+270度（2個セット）HDMIオスtoメスアダプタ 延長アダプタ 48Gbpsハイスピード eARC/HDR対応 8K/60Hz 3D対応
B0BXFMN5DN,HDMI ケーブル 1m,ケーブル,1359,1599,4.4,1393,100+ bought in past month,,In Stock Click here for details of availability. Only 1 left in stock - order soon. Click here for details of availability.,https://www.amazon.co.jp/dp/B0BXFMN5DN,https://m.media-amazon.com/images/I/71hDt-VLz8L._AC_SY300_SX300_QL70_ML2_.jpg,"UGREEN HDMI to Mini HDMI Conversion Cable HDMI 2.1 8K@60Hz Mini HDMI Converter Adapter 8K Mini HDMI Cable 1M Bi-directional Communication Suitable for TV, Mobile Monitor, Camera, PC, etc. (HDMI Type A"
B07DC3BSZ6,アンプ,オーディオ機器,1299,,4.2,455,,,In Stock Click here for details of availability.,https://www.amazon.co.jp/dp/B07DC3BSZ6,https://m.media-amazon.com/images/I/61PzNGbVynL._AC_SY300_SX300_QL70_ML2_.jpg,"UGREEN RCA Cable, 3.5mm Female to 2RCA Male Stereo Mini Plug Converter Cable Multi Shielded Gold Plated Terminals Stereo Audio Cable RCA AUX/Speaker/Amplifier 25cm"
B00QV0K210,LAN ケーブル CAT6 3m,LANケーブル,1518,1899,4.2,5579,50+ bought in past month,,In Stock Click here for details of availability.,https://www.amazon.co.jp/dp/B00QV0K210,https://m.media-amazon.com/images/I/51cOJKZphUL._AC_SY300_SX300_QL70_ML2_.jpg,UGREEN LAN Cable CAT6 Extension Cable Gigabit RJ45 Cable Compatible with Cat5e Cat6 Cat7 Cat8 LAN Network (3M)
B00Y2LANNW,スマホホルダー,スマホアクセサリー,1599,1982,4.2,13408,,,In Stock Click here for details of availability.,https://www.amazon.co.jp/dp/B00Y2LANNW,https://m.media-amazon.com/images/I/71YiJFd44WL._AC_SY300_SX300_QL70_ML2_.jpg,UGREEN Audio Conversion Cable 3.5mm Mini Plug to 6.35mm Standard Plug Male-Male Stereo Cable 2m
B08Y8CZB2S,USB-A ケーブル,ケーブル,1274,1699,4.1,3150,500+ bought in past month,30757,In Stock Click here for details of availability.,https://www.amazon.co.jp/dp/B08Y8CZB2S,https://m.media-amazon.com/images/I/61bkapTc49L._AC_SY300_SX300_QL70_ML2_.jpg,"UGREEN USB Audio Converter Adapter, USB 2.0 to 3.5 mm Conversion Cable, External Sound Card, 4 Poles, TRRS Conversion, Earphones, PS4, etc., Compatible with Windows, Mac OS, PS4, PS5, Linux"
B074PQPLDQ,USB-C ケーブル,ケーブル,607,760,4.1,1534,500+ bought in past month,30701,In Stock Click here for details of availability.,https://www.amazon.co.jp/dp/B074PQPLDQ,https://m.media-amazon.com/images/I/615SRlF7OhL._AC_SY300_SX300_QL70_ML2_.jpg,"UGREEN OTG Cable, Type C Converter Adapter, USB 3.0 Female, High Speed Transfer, Android Smartphones, Tablets, iPhone 15 Pro Max, MacBook Pro, USB Host Cable, Type-C Devices to Type-A Devices, 6.7"
B08P5QSG5M,HDMI ケーブル,ケーブル,1248,1560,4.3,3216,50+ bought in past month,,In Stock Click here for details of availability. Only 1 left in stock - order soon. Click here for details of availability.,https://www.amazon.co.jp/dp/B08P5QSG5M,https://m.media-amazon.com/images/I/71ueqmxQmtL._AC_SY300_SX300_QL70_ML2_.jpg,"UGREEN Micro HDMI Cable HDMI to Micro HDMI Conversion Bi-directional Transmission High Durability 4K 60Hz 3D HDR ARC High Speed 18Gbps Compatible with TV, Camera, GoPro Hero 7 6 5, Raspberry Pi 4"
B0CLXZ26BW,DP ケーブル 2m,ケーブル,1274,1699,4.4,2177,500+ bought in past month,,In Stock Click here for details of availability.,https://www.amazon.co.jp/dp/B0CLXZ26BW,https://m.media-amazon.com/images/I/71JoOlrzk9L._AC_SY300_SX300_QL70_ML2_.jpg,"UGREEN 8K Displayport Cable, 2M DP1.4 Cable, VESA Certified, Supports 8K 60Hz 4K 240Hz HDR GSync, 32.4Gbps High Speed Gaming DisplayPort"
B0C3B132D3,急速充電器 65W GaN 3ポート,充電器,2998,4280,4.3,12524,500+ bought in past month,CD244,In Stock Click here for details of availability.,https://www.amazon.co.jp/dp/B0C3B132D3,https://m.media-amazon.com/images/I/41A+AxA3NWL._AC_SY300_SX300_QL70_ML2_.jpg,"UGREEN Nexode 65W Rapid Charger, Type-C 3 Ports, 2 USB-C and 1 USB-A, PD3.0 PPS GaNII Foldable, Compatible with iPhone 17/16/15/MacBook/iPad/Galaxy/Android/PC/45W/30W PSE Compatible"
B07Q48LTL1,Lightning ケーブル 1m,ケーブル,1899,,4.4,6112,,,In Stock Click here for details of availability.,https://www.amazon.co.jp/dp/B07Q48LTL1,https://m.media-amazon.com/images/I/51DlvD8FdfL._AC_SY300_SX300_QL70_ML2_.jpg,"UGREEN USB C to Lightning Cable, MFi Certified, 3A Rapid Charging, 3.3 ft (1 m), PD Lightning Cable, Compatible with iPhone 14, iPhone 13, 12, Pro/12 mini, iPhone 11 Pro Max XR XS Max, etc"
B0C4L73SVP,ルーター,ネットワーク機器,2699,,4.1,99,,,In Stock Click here for details of availability.,https://www.amazon.co.jp/dp/B0C4L73SVP,https://m.media-amazon.com/images/I/61peELrtZsL._AC_SY300_SX300_QL70_ML2_.jpg,"UGREEN LAN Cable CAT7 20M Flat 10Gbps/600MHz Cat7 CAT7 Compliant RJ45 Gold Plated Connectors STP Anti-Tear High Speed Shielded for Modem Router, PS3, PS4, Xbox and More"
B00B2HOYC0,ケーブル 3m,ケーブル,1699,,4.3,2246,,,In Stock Click here for details of availability.,https://www.amazon.co.jp/dp/B00B2HOYC0,https://m.media-amazon.com/images/I/61VoFTMuaPL._AC_SY300_SX300_QL70_ML2_.jpg,"UGREEN RCA Cable, 3M Audio Cable, Stereo Audio Cable, 2RCA to 2RCA (Red/White) Conversion, HiFi Sound Quality, 24K Gold Plated Connectors"
B0DGXQPMV5,スマホケース,スマホアクセサリー,3453,4680,4.5,126,200+ bought in past month,,In Stock Click here for details of availability.,https://www.amazon.co.jp/dp/B0DGXQPMV5,https://m.media-amazon.com/images/I/61eX4ZLZJ3L._AC_SY300_SX300_QL70_ML2_.jpg,"UGREEN Thunderbolt 5 USB-C to USB-C Cable, 240W PD3.1, Fast Charging, 80Gbps, Bi-Directional High Speed Data Transmission, 16K@60Hz/3 4K@144Hz Video Output, Thunderbolt 4/3, Backward Compatible with MacBook Pro, iPad, iPhone 17 Series, Android, Hub, SD Case, etc. For connecting C compatible devices black 1m"
B00A30FLE2,USB 延長ケーブル,USB延長ケーブル,1359,1599,4.2,27119,100+ bought in past month,,In Stock Click here for details of availability.,https://www.amazon.co.jp/dp/B00A30FLE2,https://m.media-amazon.com/images/I/61jAXOVb5-L._AC_SY300_SX300_QL70_ML2_.jpg,"UGREEN HDMI Extension Cable HDMI Extension Cord 4K 60Hz (HDMI Male-Female) Compatible with PS4/PS3 Fire TV Stick, HDTV, PC, Switch, PC, etc. High Speed HDMI Extension Cable Male-Female Gold-Plated"
B08R868KSZ,HDMIスイッチャー,HDMI関連,1349,1799,4.1,5250,1K+ bought in past month,CM311,In Stock Click here for details of availability.,https://www.amazon.co.jp/dp/B08R868KSZ,https://m.media-amazon.com/images/I/61MoCghLY1L._AC_SY300_SX300_QL70_ML2_.jpg,UGREEN HDMI Switcher HDMI Selector 2 Input 1 Output Bi-directional 4K 60Hz HDCP 2.2/HDMI 2.0 [Integrated HDMI Cable] Manual No Power Required Compatible with PC Xbox PS4 Fire TV Stick Apple TV
B00LM4ON3I,USB 延長ケーブル,USB延長ケーブル,849,999,4.1,16948,200+ bought in past month,,In Stock Click here for details of availability.,https://www.amazon.co.jp/dp/B00LM4ON3I,https://m.media-amazon.com/images/I/61qMwfBQXtL._AC_SY300_SX300_QL70_ML2_.jpg,"UGREEN 3.5mm Audio Extension Cable, 3-Pole/TRS Earphone Extension Cord, AUX Extension Cable, Headphone Extension Cable, Hi-Fi Sound Play, Multiple Shielding, 24K Gold Plated Connectors, Compatible"
B0DT9MMZTL,Webカメラ,カメラ・キャプチャ,3999,5299,4.4,1758,400+ bought in past month,65381,In Stock Click here for details of availability.,https://www.amazon.co.jp/dp/B0DT9MMZTL,https://m.media-amazon.com/images/I/619KR4eEZkL._AC_SY300_SX300_QL70_ML2_.jpg,"UGREEN 4K Webcam PC Ultra HD 1080P 60FPS Web Camera, with Microphone, Privacy Cover, 70° FOV, PDAF Auto Focus, USB A & USB C Adapter, Plug & Play, for Streaming/Skype/Zoom, for Home Office/Lecture"
B06XWRRMYX,スマホケース,スマホアクセサリー,1018,1199,4.2,53453,500+ bought in past month,Bis zu 5Gbps,In Stock Click here for details of availability.,https://www.amazon.co.jp/dp/B06XWRRMYX,https://m.media-amazon.com/images/I/61KX8RAHITL._AC_SY300_SX300_QL70_ML2_.jpg,UGREEN 2.5 Inch HDD Case SSD Case USB 3.0 Connection UASP Compatible 2.5-Inch SSD Case 5Gbps High-Speed Transfer Rate SATA 3.0 9.5mm/7mm Compatible HDD Case 6TB Large Capacity Compatible Tool-Free
B0FM7YZCYP,HDMI ケーブル,ケーブル,1799,2120,4.2,1247,100+ bought in past month,,In Stock Click here for details of availability.,https://www.amazon.co.jp/dp/B0FM7YZCYP,https://m.media-amazon.com/images/I/71SXLiJpclL._AC_SY300_SX300_QL70_ML2_.jpg,"UGREEN USB Type C HDMI Conversion Cable [8K@60Hz / 4K@240Hz / Unidirectional Communication / Compatible with USB-C Only Including DP Alt Mode] 48Gbps High-Speed Transfer, Compatible with MacBook Pro"
B079L5YFJY,SSD/HDDケース,SSD・HDDケース,848,998,4.2,2635,300+ bought in past month,,In Stock Click here for details of availability.,https://www.amazon.co.jp/dp/B079L5YFJY,https://m.media-amazon.com/images/I/51a0+NKMBIL._AC_SY300_SX300_QL70_ML2_.jpg,"UGREEN Mini USB Cable, C-MiniB Terminal, Type C Male to Mini B Male, USB 2.0 Cable, Data Transfer and Charge Sync, Suitable for Digital Camera, Portable HDD, MP3/MP4, GPS, etc. 3.3 ft (1 m)"
B07BTV4KJJ,USB-C ケーブル 100W,ケーブル,1398,2280,4.2,1250,300+ bought in past month,,In Stock Click here for details of availability.,https://www.amazon.co.jp/dp/B07BTV4KJJ,https://m.media-amazon.com/images/I/71nxKun1teL._AC_SY300_SX300_QL70_ML2_.jpg,UGREEN USB Type-C Cable 【4K/60HZ Video Output】 PD 100W/5A Fast Charging USB 3.1 Standard Thunderbolt 3 Compatible 5Gbps High-Speed Data Transfer E-marker Built-in Compatible with iPhone 17/Macbook
B08135D6FW,SDカードリーダー Type-C,SDカードリーダー,1044,1399,4,1386,500+ bought in past month,80124JP,In Stock Click here for details of availability.,https://www.amazon.co.jp/dp/B08135D6FW,https://m.media-amazon.com/images/I/51VLTC4A+nL._AC_SY300_SX300_QL70_ML2_.jpg,UGREEN Micro SD USB C Card Reader TF Micro SD Card Reader Ultra Small Fast Transfer Type C OTG Compatible Android iPad OS Windows MacOS Linux Zinc Alloy
B08CS8T8DC,SDカードリーダー Type-C,SDカードリーダー,1279,1599,4.2,10755,200+ bought in past month,80888,In Stock Click here for details of availability.,https://www.amazon.co.jp/dp/B08CS8T8DC,https://m.media-amazon.com/images/I/61YNFFPfs0L._AC_SY300_SX300_QL70_ML2_.jpg,"UGREEN USB-C Card Reader, SD, MicroSD, Simultaneous Read 2 Cards, Aluminum Alloy, Good Heat Dissipation, Type C, OTG Function, Compatible with Android, Mac, Window, Linux, USB3.1, Gen1, 5Gbps, High Speed Data Transfer"
B08BBXMPWZ,スマホホルダー,スマホアクセサリー,1554,2080,4.2,10515,200+ bought in past month,,In Stock Click here for details of availability.,https://www.amazon.co.jp/dp/B08BBXMPWZ,https://m.media-amazon.com/images/I/71fZufzarzL._AC_SY300_SX300_QL70_ML2_.jpg,"UGREEN USB Type C Extension Cable, Type C Extension Cord, 4K 60Hz Video Output, PD 100W/5A, USB 3.2, Gen 2 Standard, 10Gbps High Speed Transfer, Thunderbolt 3 Compatible, Bi-Directional Transmission"
B0D2QLTTWW,LAN ケーブル CAT6,LANケーブル,1649,2199,4.2,1933,500+ bought in past month,45311,In Stock Click here for details of availability.,https://www.amazon.co.jp/dp/B0D2QLTTWW,https://m.media-amazon.com/images/I/71Jx9klFoUL._AC_SY300_SX300_QL70_ML2_.jpg,"UGREEN LAN Splitter, LAN Hub, RJ45, High Speed 1000 Mbps, 1 Input 2 Outputs, Switching Hub, LAN Cable, Splitter, Supports 2 Devices Simultaneous Use, Supports Cat5/Cat5e/Cat6/Cat7/Cat8, Network"
B09Y14JSFH,HDMIスイッチャー,HDMI関連,3759,4699,3.9,5542,50+ bought in past month,90512,In Stock Click here for details of availability.,https://www.amazon.co.jp/dp/B09Y14JSFH,https://m.media-amazon.com/images/I/61NdjkTIDVL._AC_SY300_SX300_QL70_ML2_.jpg,UGREEN HDMI Switcher 【5 Inputs 1 Output 4K@60Hz】Selector HDCP 2.2/HDMI 2.0 Switcher Manual Switch PS3 PS4 PS5 Switch Operation Confirmed Black
B0CQ4MBJK9,スマホケース,スマホアクセサリー,1599,2199,4.3,557,50+ bought in past month,15265A,In Stock Click here for details of availability.,https://www.amazon.co.jp/dp/B0CQ4MBJK9,https://m.media-amazon.com/images/I/61eYIZCU3EL._AC_SY300_SX300_QL70_ML2_.jpg,"UGREEN Smartphone Holder, Car, Car Holder, 3-in-1 Car Smartphone Holder, Adhesive Gel Suction Cup & Air Conditioning Vent, Notebook Type Case Compatible, One-Hand Operation, Easy Installation, 360 Degree Rotation, Compatible with Many 4-7 Inch Models Such as iPhones, Galaxies, Xperia, LG, Sharp, Xiaomi, OPPO, etc"
B07D2BHVBD,スマホケース,スマホアクセサリー,1636,2099,4.2,53453,100+ bought in past month,Bis zu 6Gbps,In Stock Click here for details of availability.,https://www.amazon.co.jp/dp/B07D2BHVBD,https://m.media-amazon.com/images/I/51stzXWTQoL._AC_SY300_SX300_QL70_ML2_.jpg,"UGREEN 2.5-Inch HDD Case, Hard Desk Case, SATA 3.0, USB 3.1, Gen 2, Type-C Connectivity Standard, UASP Support, 6 Gbps High Speed Transfer, 6 TB Large Capacity, 2.5 Type, 0.3 inch (9.5 mm) / 0.3 inch (7 mm), External Case, No Tools Required, Compatible with MacOS/Windows/Linux PS4Pro, PS3, TV and More (USB C to USB C to USB A Cable Included"
B0CNXDLJQ5,スマホホルダー,スマホアクセサリー,3084,3980,4.4,3422,500+ bought in past month,35357,In Stock Click here for details of availability.,https://www.amazon.co.jp/dp/B0CNXDLJQ5,https://m.media-amazon.com/images/I/71IWYyddC5L._AC_SY300_SX300_QL70_ML2_.jpg,UGREEN Laptop Stand Vertical 3-Slot Storage PC Stand Vertical Placement Storage 3 Slots Width Adjustable Aluminum Alloy Made Silicone Rubber Scratch Protection Compatible with 15.6 Inches All Models
B07X25ZR56,HDMI ケーブル,ケーブル,1649,2199,4.2,2975,500+ bought in past month,70444,In Stock Click here for details of availability.,https://www.amazon.co.jp/dp/B07X25ZR56,https://m.media-amazon.com/images/I/61Eu2-MkPlL._AC_SY300_SX300_QL70_ML2_.jpg,"UGREEN USB C to HDMI Adapter Cable 4K 60Hz, Aluminum Type C Thunderbolt 3 Converter Male to Female for MacBook Pro 2019, Samsung Note 10 S10 S9 S8 Plus, iMac, LG V50 V30 V20, XPS 15 13, Yoga 900"
B0FSL5C9D1,スピーカー Bluetooth,スピーカー,2294,2699,4.6,654,200+ bought in past month,,In Stock Click here for details of availability.,https://www.amazon.co.jp/dp/B0FSL5C9D1,https://m.media-amazon.com/images/I/61In3RvDvvL._AC_SY300_SX300_QL70_ML2_.jpg,"UGREEN LDAC Bluetooth 6.0 Car Receiver with Built-in Mic 3.5mm Aux Adapter), Support Hands-Free Calling, Car Bluetooth Audio Receiver Support Speaker & Home Audio, TELEC Certified"
B0BGMYPBF4,HDMI ケーブル,ケーブル,2549,3299,4,1571,500+ bought in past month,40189,In Stock Click here for details of availability.,https://www.amazon.co.jp/dp/B0BGMYPBF4,https://m.media-amazon.com/images/I/61HiA74UgWL._AC_SY300_SX300_QL70_ML2_.jpg,"UGREEN HDMI Capture Board, Compatible with Switch, 4K@60Hz, Type C & USB, 1080P@30Hz, Capture, Game Recording, Video Recording, Live Distribution, Compatible with iPad OS17, Mac, Windows, Linux"
B07B91MYY9,SSD/HDDケース,SSD・HDDケース,719,899,4.1,32623,100+ bought in past month,,In Stock Click here for details of availability.,https://www.amazon.co.jp/dp/B07B91MYY9,https://m.media-amazon.com/images/I/61PqXHcKGUL._AC_SY300_SX300_QL70_ML2_.jpg,"UGREEN Mini USB Cable USB 2.0 A Male to Mini B Male Gold-Plated Connector Compatible with PS3, Dash Cam, Digital Camera, HDD, etc. 2m"
B0GJDNSLQS,USB-C ケーブル 100W,ケーブル,768,1099,4.7,56,300+ bought in past month,,In Stock Click here for details of availability.,https://www.amazon.co.jp/dp/B0GJDNSLQS,https://m.media-amazon.com/images/I/61QqekCXYFL._AC_SY300_SX300_QL70_ML2_.jpg,"UGREEN Air USB C Cable, 100W/5A, PD3.0, Ultra Fast Charging, Type C, iPhone Charging Cable, iPad, Macbook, Android Devices, Equipped with E-Marker Chip, Data Transfer, Sync, USB Type-C Fast Charging"
B09STH325W,ケーブル 5m,ケーブル,1799,,4.4,9986,50+ bought in past month,,In Stock Click here for details of availability.,https://www.amazon.co.jp/dp/B09STH325W,https://m.media-amazon.com/images/I/61wO0T8CzfL._AC_SY300_SX300_QL70_ML2_.jpg,"UGREEN Printer Cable 5m USB2.0 Type B Cable High Durability Nylon Braid Compatible with Canon/Epson/Brother/HP Printers, Scanners, Pianos, DACs and Other USB (Type B) Devices"
B0DL59ZSBB,DP ケーブル 2m,ケーブル,1399,1999,4.3,1712,1K+ bought in past month,,In Stock Click here for details of availability.,https://www.amazon.co.jp/dp/B0DL59ZSBB,https://m.media-amazon.com/images/I/71He1mrL7NL._AC_SY300_SX300_QL70_ML2_.jpg,UGREEN 80Gbps 16K Displayport Cable DP2.1 Gaming DP Cable 2M 16K@60Hz/8K@120Hz 4K@240Hz/2K@360Hz DisplayPort High-Speed HDR/DSC1.2a/HBR20/ FreeSync & G-Sync Nylon Braided Aluminum HDTV Compatible with
B0CDW73QH7,Thunderbolt 4 ドック,USBハブ・ドック,2519,2960,4.3,5674,50+ bought in past month,,In Stock Click here for details of availability.,https://www.amazon.co.jp/dp/B0CDW73QH7,https://m.media-amazon.com/images/I/613ib8Jq2PL._AC_SY300_SX300_QL70_ML2_.jpg,"UGREEN 8K 60Hz USB C DisplayPort Conversion Cable [Unidirectional Transmission from C to DP] [DP1.4/Thunderbolt 4/3 DP Alt Mode] 4K 240Hz 144Hz Display Port Cable Compatible with iPhone 15, MacBook"
B0CLXY8377,DP ケーブル 3m,ケーブル,2039,2499,4.4,2177,200+ bought in past month,,In Stock Click here for details of availability.,https://www.amazon.co.jp/dp/B0CLXY8377,https://m.media-amazon.com/images/I/71JoOlrzk9L._AC_SY300_SX300_QL70_ML2_.jpg,UGREEN 8K DisplayPort Cable 3M DP1.4 Cable VESA Certified 8K 60Hz 4K 240Hz HDR GSync Compatible 32.4Gbps High Speed Gaming DisplayPort Cable
B00WS1NFA6,ケーブル,ケーブル,1529,1799,4.1,33172,100+ bought in past month,,In Stock Click here for details of availability.,https://www.amazon.co.jp/dp/B00WS1NFA6,https://m.media-amazon.com/images/I/61cfZMJI6lL._AC_SY300_SX300_QL70_ML2_.jpg,UGREEN Audio Cable AUX Cable One-Side L-Shaped Stereo Mini Plug AUX 3.5mm 3-Pole Male to Male Gold-Plated Plug 3.5mm Audio Cable Compatible with Headphones/Speakers/Car Stereo/Home Stereo/PC and More
B0DSBRM6BD,車載充電器 90W,車載充電器,12765,,4.6,434,,55909,In Stock Click here for details of availability.,https://www.amazon.co.jp/dp/B0DSBRM6BD,https://m.media-amazon.com/images/I/51o9OMyWDoL._AC_SY300_SX300_QL70_ML2_.jpg,UGREEN 90W 2C1A 格納式車載充電器
B0DP9PNCXJ,USB-Cハブ 9-in-1,USBハブ・ドック,,,4.1,396,,55733,Click here for details of availability.,https://www.amazon.co.jp/dp/B0DP9PNCXJ,https://m.media-amazon.com/images/I/61bfbeADhTL._AC_SY300_SX300_QL70_ML2_.jpg,"UGREEN TV Dock for Steam Deck/Switch/Rog Ally/Legion Go, 9-in-1 USB-C Hub Docking Station, DP 4K@60HZ, DisplayPort 10Gbps High-Speed Transfer, USB-A 3.2*USB-C 3.2, 1000Mbps Ethernet, 2*USB 2.0 Ports"
B0G5XYDFST,急速充電器 25W,充電器,,,,,,75250,Click here for details of availability.,https://www.amazon.co.jp/dp/B0G5XYDFST,https://m.media-amazon.com/images/I/618KJxNO65L._AC_SY300_SX300_QL70_ML2_.jpg,UGREEN 25W ワイヤレス車充電器
B0FM7X7PNK,International Conversion Plug,その他,764,899,4.7,158,50+ bought in past month,S500,In Stock Click here for details of availability.,https://www.amazon.co.jp/dp/B0FM7X7PNK,https://m.media-amazon.com/images/I/31zadYj20nL._SY445_SX342_QL70_ML2_.jpg,"UGREEN International Conversion Plug, SE Type, Outlet Converter, 1 AC Outlet, Multi Power Conversion Plug, C/A/B/G/I Type, Compatible with Korea/Germany/France/Netherlands/European Countries, Compact, Convenient for Travel"
B0F6BG4L6G,SDカードリーダー Type-C,SDカードリーダー,6679,7631,,,,,In Stock Click here for details of availability.,https://www.amazon.co.jp/dp/B0F6BG4L6G,https://m.media-amazon.com/images/I/51TK9Ln+DmL._AC_SY300_SX300_QL70_ML2_.jpg,"UGREEN USB-C Hub, 4 Ports, USB3.0 Extension, Revodok 109, USB 9-IN-1, USB 3.0 Hub (2 USB-A + 2 USB-C), USB 3.0 Hub, 4K, 60 Hz, HDMI Type-C PD100W Charging, SD Micro SD/TF Card Reader Included"
B0B9GP7GTK,スマホホルダー,スマホアクセサリー,680,839,4,1151,400+ bought in past month,60410,In Stock Click here for details of availability.,https://www.amazon.co.jp/dp/B0B9GP7GTK,https://m.media-amazon.com/images/I/51HS2w58hsL._AC_SY300_SX300_QL70_ML2_.jpg,UGREEN Metal Plate Magnetic Plate for Smartphone Metal Plate Thin Adhesive Fix 3M Brand Double-sided Tape Car Holder Replacement Round and Square 2-Piece Set
B0GDFVFBR5,USB-C ケーブル 90W,ケーブル,,,,,,,Click here for details of availability.,https://www.amazon.co.jp/dp/B0GDFVFBR5,https://m.media-amazon.com/images/I/71XD1200sPL._AC_SY300_SX300_QL70_ML2_.jpg,"UGREEN 45W USB C Charger & USB Type C Rapid Charging Cable, 90W Total 3-Piece Set, Uses GaNII PD Type C Charger, 60W L-Type, USB Type-C iPhone Charging Cable"
B08M8R2QJS,ケーブル,ケーブル,1700,,4.1,10025,50+ bought in past month,,In Stock Click here for details of availability.,https://www.amazon.co.jp/dp/B08M8R2QJS,https://m.media-amazon.com/images/I/61s7FN9lqGL._AC_SY300_SX300_QL70_ML2_.jpg,UGREEN 3.5mm Audio Cable 4-Conductor/TRRS Headphone Cable AUX Cable 3.5mm Male-to-Male Stereo Mini Plug Earphone Cable High-Durability Nylon Braid 24K Gold-Plated Connectors Omnidirectional Compatible
B0DXPJVWKK,USB-C ケーブル 100W,ケーブル,9462,,4.8,44,,,In Stock Click here for details of availability.,https://www.amazon.co.jp/dp/B0DXPJVWKK,https://m.media-amazon.com/images/I/71gl7aKzcrL._AC_SY300_SX300_QL70_ML2_.jpg,UGREEN 100W USB Cケーブル 2本パック 急速充電 Type Cコード USB C充電ケーブル iPhone 17/16/14 MacBook Pro/Air Galaxy S25/S25/S24 iPad Pro/Air Pixel 9/8 Switch AirPods用 10フィート
B088FHJLR1,急速充電器 65W GaN 4ポート,充電器,14479,,4.1,3891,,CD224,Usually ships within 5 to 6 days Click here for details of availability.,https://www.amazon.co.jp/dp/B088FHJLR1,https://m.media-amazon.com/images/I/71hy6rZVl3L._AC_SY300_SX300_QL70_ML2_.jpg,"UGREEN Rapid Charger, 65 W PD Charger, 4 Ports, GaN Garnium Nitride, 1 x USB-A & 3 x USB-C), Foldable, Conforms to PSE Technical Standards, Compatible with iPhone 14/13/12/11, MacBook, iPad, Laptops, Android/Galaxy S21"
B0C39ZC13B,急速充電器 30W GaN,充電器,2100,2950,4.3,7536,,25036,In Stock Click here for details of availability.,https://www.amazon.co.jp/dp/B0C39ZC13B,https://m.media-amazon.com/images/I/511wAyn0pTL._AC_SY300_SX300_QL70_ML2_.jpg,UGREEN Uno 30W PD Charger Robot-shaped USB-C Charger 【Expressions show the situation・Detachable magnetic boots・Comes with a ribbon】 GaNFast compatible PD/PPS/QC4+ standard compliant PSE technical
B0BD4FB61Y,Tablet Stand,その他,2024,2699,4.4,9150,100+ bought in past month,15163,In Stock Click here for details of availability.,https://www.amazon.co.jp/dp/B0BD4FB61Y,https://m.media-amazon.com/images/I/61UFsSetdAL._AC_SY300_SX300_QL70_ML2_.jpg,"UGREEN Tablet Stand, iPad Stand, Aluminum, 7.9-12.9 Inches, iPhone Stand, Foldable, Adjustable Angle, Convenient to Carry, Charging Compatible, Compatible with iPhone 12/13, iPad 9, Android"
B0963V5Q4Q,スマホホルダー,スマホアクセサリー,2293,2699,4.2,4045,100+ bought in past month,60646,In Stock Click here for details of availability.,https://www.amazon.co.jp/dp/B0963V5Q4Q,https://m.media-amazon.com/images/I/81a9nEmNgkL._AC_SY300_SX300_QL70_ML2_.jpg,"UGREEN Tablet Stand, Pillow Stand, Cushion, Knee Pillow, Sleeping Stand, Adjustable Angle, Compatible with 4.7-12.9 inches, iPad 9, iPad Mini, iPad Pro, iPad Air, iPhone 13/12, Switch, etc"
B09C8DPNZJ,スマホケース,スマホアクセサリー,2448,3499,4.2,4116,300+ bought in past month,90264,In Stock Click here for details of availability.,https://www.amazon.co.jp/dp/B09C8DPNZJ,https://m.media-amazon.com/images/I/61zjTaV-g0L._AC_SY300_SX300_QL70_ML2_.jpg,"UGREEN M.2 SSD External Case, SATA/NVMe Compatible, USB 3.2 Gen 2, UASP Supported, 10Gbps High-Speed Transfer, Aluminum, Supports 2230/2242/2260/2280, M key/B+M key, 2 Cables USB A-C/USB C-C"
B0CGCVYM17,スマホホルダー,スマホアクセサリー,15749,20999,4.1,140,50+ bought in past month,CM586,In Stock Click here for details of availability.,https://www.amazon.co.jp/dp/B0CGCVYM17,https://m.media-amazon.com/images/I/618tuNdVpoL._AC_SY300_SX300_QL70_ML2_.jpg,"UGREEN Wireless HDMI Transmitter and Receiver, HDMI Extender, 4K @ 30Hz / 50M / 2.4G + 5G / Japan Technical Standards Certification, Wireless HDMI Transmitter and Receiver, Video Audio Sync Output"
B0CJY63NMB,USB-C ケーブル 60W,ケーブル,10097,,4.4,300,,25838,Usually ships within 5 to 6 days Click here for details of availability.,https://www.amazon.co.jp/dp/B0CJY63NMB,https://m.media-amazon.com/images/I/718m6svvLuL._AC_SY300_SX300_QL70_ML2_.jpg,UGREEN USB C - 3.5mm オーディオアダプター 3イン1 充電器とヘッドホンスプリッター USB C to Aux デュアルヘッドホンジャック PD 60W 高速充電ケーブル付き iPhone 17/16 Pro Max Galaxy S25/24 Ultra、Pixel 10、iPad用
B01NCJE1RE,ケーブル,ケーブル,5664,,4.7,9598,,,In Stock Click here for details of availability.,https://www.amazon.co.jp/dp/B01NCJE1RE,https://m.media-amazon.com/images/I/718ytkFRMNL._AC_SY300_SX300_QL70_ML2_.jpg,"Braided Micro USBケーブル、Ugreenナイロン編組高速クイック充電器ケーブルUSB to Micro USB 2.0 Android充電コードfor Samsung Galaxy s7 / s6 / s5 / Edge, Note 5 / 4 / 3、LG、NEXUS、HTC、Nokia、ps4 3ft 30650"
B0DGXJJZKK,USB-C ケーブル 60W,ケーブル,1099,,4.6,480,,,In Stock Click here for details of availability.,https://www.amazon.co.jp/dp/B0DGXJJZKK,https://m.media-amazon.com/images/I/71+wBxEvP-L._AC_SY300_SX300_QL70_ML2_.jpg,"UGREEN USB-C & USB-C Cable 60W PD/PPS Fast Charging Compatible 480Mbps PD3.0 with Band Stainless Steel Housing, Nickel-Plated, Nylon Braided, Inner Protection, High Durability and Practicality"
B0DNSTHRGQ,NAS,ネットワーク機器,5249,7499,4.3,538,50+ bought in past month,35921,In Stock Click here for details of availability. Only 1 left in stock - order soon. Click here for details of availability.,https://www.amazon.co.jp/dp/B0DNSTHRGQ,https://m.media-amazon.com/images/I/61IvS2c1nwL._AC_SY300_SX300_QL70_ML2_.jpg,"UGREEN Wired LAN Adapter 5Gbps Type C LAN Conversion Adapter Compatible with Thunderbolt 5/4/3 Aluminum Material Heat Dissipation USB C to RJ45 Ethernet Adapter Compatible with Laptops, NAS, MacBook"
B0GDG9G2JW,USB-C ケーブル 100W,ケーブル,,,,,,,Click here for details of availability.,https://www.amazon.co.jp/dp/B0GDG9G2JW,https://m.media-amazon.com/images/I/61u1YJhCfkL._AC_SY300_SX300_QL70_ML2_.jpg,"UGREEN Retractable 65W USB Charger & 100W USB-C Cable; 3 Ports, 65W PD3.0 Charger, Telescopic Type-C Cable, Built-In 100W/5A, 4 Levels Adjustment, Double Draw, Type-C Cable"
B07PFHB3R4,USB-C ケーブル,ケーブル,5442,,4.6,4358,,,In Stock Click here for details of availability.,https://www.amazon.co.jp/dp/B07PFHB3R4,https://m.media-amazon.com/images/I/7115Ag6vOaS._AC_SY300_SX300_QL70_ML2_.jpg,UGREEN USB C Cable 90 Degree Right Angle USB A to Type C Fast Charger for Samsung Galaxy S10 S9 Plus S8 Note 9 8 LG G7 V40 V20 V30 G6 G5 Nintendo Switch 2018 iPad Pro GoPro Hero 7 5 1.5ft
B0GDG53SSG,USB-C ケーブル,ケーブル,,,,,,,Click here for details of availability.,https://www.amazon.co.jp/dp/B0GDG53SSG,https://m.media-amazon.com/images/I/61Sn7LbxuxL._AC_SY300_SX300_QL70_ML2_.jpg,"UGREEN 2-Port USB Charger & USB-A to Type C Rapid Charging Cable, L-Shaped, Total 3-Piece Set, 3.1 A USB AC Adapter L-Shaped Quick Charge Rapid Charging Cable, Compatible with iPhone 17, Galaxy S24"
B0DR58KJG1,スマホホルダー MagSafe,スマホアクセサリー,6558,,4.7,136,,65229,In Stock Click here for details of availability.,https://www.amazon.co.jp/dp/B0DR58KJG1,https://m.media-amazon.com/images/I/61PlCaoxMxL._AC_SY300_SX300_QL70_ML2_.jpg,UGREEN Magsafe 携帯電話スタンド 磁気デスクスタンバイホルダー 回転 360°回転 高さ調節可能 折りたたみ式 ポータブル トラベルマウント メタルリング iPhone 16 Pro Max 15+14 13 12、Galaxy S25対応 (グレー)
B0FQCF62CD,HDMI ケーブル,ケーブル,1869,2199,4,351,100+ bought in past month,DP134,In Stock Click here for details of availability.,https://www.amazon.co.jp/dp/B0FQCF62CD,https://m.media-amazon.com/images/I/61Id5Rjmw4L._AC_SY300_SX300_QL70_ML2_.jpg,"UGREEN 8K@60Hz DisplayPort to HDMI Conversion Cable Unidirectional Aluminum DP to HDMI Male to Female 8K@60Hz/4K@240Hz/2K@240Hz/1080P@480Hz Compatible with HP, Dell, Projectors, Monitors, AMD, GPU"
B0GG9PS1F6,スマホケース,スマホアクセサリー,23399,,4.3,886,,95583,In Stock Click here for details of availability.,https://www.amazon.co.jp/dp/B0GG9PS1F6,https://m.media-amazon.com/images/I/6102oXHdklL._AC_SY300_SX300_QL70_ML2_.jpg,UGREEN M.2 SSD 外付けケース USB4 80Gbps M.2 NVME/Pcie SSD ケース Thunderbolt 5/4対応 8TB容量対応 UASP対応 TRIM機能 NVMe SSD ケース 2230 2242 2260 2280(M-Key M&B Key) SSD対応 USB C ケーブル付属
B0GZ92RZJ9,USB-C ケーブル 60W 1m,ケーブル,,,4.3,14138,,,Click here for details of availability.,https://www.amazon.co.jp/dp/B0GZ92RZJ9,https://m.media-amazon.com/images/I/71KhpyQSVdL._AC_SX300_SY300_QL70_ML2_.jpg,UGREEN USB C ケーブル L字 Type-c L型 PD 60W/3A 急速充電 断線防止ナイロン編み アンドロイド スマホ iphone17/16/15シリーズ/MacBook/iPad/Galaxy/Google/HP/Switch/ドローン等USB-Cデバイス対応-1M【ビデオ出力非対応】 (× 2)
B07CQMMBHW,USB 延長ケーブル,USB延長ケーブル,1019,1199,4.1,1488,,,In Stock Click here for details of availability.,https://www.amazon.co.jp/dp/B07CQMMBHW,https://m.media-amazon.com/images/I/61BK+KDS4dL._AC_SY300_SX300_QL70_ML2_.jpg,UGREEN 3.5mm Earphone Extension Cable 3-Pole Extension Cord 3-Pole TRS AUX Cable Stereo Mini Plug Headphone Extension Audio Cable Hi-Fi Sound Quality Playback High Durability Nylon Braid Compatible
B093ZS4YC7,LAN ケーブル CAT6,LANケーブル,1273,1499,4,454,100+ bought in past month,,In Stock Click here for details of availability.,https://www.amazon.co.jp/dp/B093ZS4YC7,https://m.media-amazon.com/images/I/71N8nGsYLPL._AC_SY300_SX300_QL70_ML2_.jpg,"UGREEN LAN Connectors, RJ45 Connectors, CAT6 [50 Packs] Self-Operated RJ45 Plugs, Category 6 Compatible, CAT5e Compatible, 8 Poles, 8 Core, 8 P8C, Single Wire, Supports Single Wire, Easy Wiring, Prevents Scratching"
B0BXKHT7RM,スマホホルダー,スマホアクセサリー,1599,1999,4.6,773,,,In Stock Click here for details of availability.,https://www.amazon.co.jp/dp/B0BXKHT7RM,https://m.media-amazon.com/images/I/71HNcNRCssL._AC_SY300_SX300_QL70_ML2_.jpg,UGREEN 8K Micro HDMI Cable hdmi Micro hdmi conversion hdmi 2.1 Standard 48Gbps Ultra Fast 8K@60Hz 4K@120hz Dynamic HDR eARC 3D Dolby TV Camera GoPro Raspberry Pi 4 Sony Nikon Camera 2M
B08NTCXBPF,アンプ,オーディオ機器,1199,1499,3.8,617,50+ bought in past month,,In Stock Click here for details of availability.,https://www.amazon.co.jp/dp/B08NTCXBPF,https://m.media-amazon.com/images/I/61NMy1cU-yL._AC_SY300_SX300_QL70_ML2_.jpg,"UGREEN Xlr 0.14 inch (3.5 mm) Conversion Cable, Microphone Cable, 0.14 inch (3.5 mm) Male to XLR Female, Unbalanced Connection, Nylon Braided, Heavy Duty, Compatible with Microphones/Speakers/Consoles/Amplifiers, Microphone Terminal Conversion, 3.3 ft (1 m) (Black)"
B01N41607I,イヤホン,イヤホン・ヘッドホン,1104,1299,4,6194,400+ bought in past month,30724,In Stock Click here for details of availability.,https://www.amazon.co.jp/dp/B01N41607I,https://m.media-amazon.com/images/I/61DaMa7AhGL._AC_SY300_SX300_QL70_ML2_.jpg,"UGREEN USB Audio Conversion Adapter, External Sound Card, USB 3.5mm Mini Jack, Headphone and Microphone Terminal, Ideal for PS5, PS4, MacBook, Mac Mini, iMac, Windows PC, etc., Black"
B0BQ9ZGRNY,DP ケーブル 2m,ケーブル,2099,2799,4.4,3544,50+ bought in past month,,In Stock Click here for details of availability.,https://www.amazon.co.jp/dp/B0BQ9ZGRNY,https://m.media-amazon.com/images/I/61w1VwaUxpL._AC_SY300_SX300_QL70_ML2_.jpg,UGREEN 16K DisplayPort Cable DP2.1 VESA Certified DisplayPort 16K@30Hz 8K@240Hz 4K@240Hz /165Hz/144Hz Ultra Fast 40Gbps HDR HDCP 2.2 DSC 1.2a FreeSync & G-Sync DP Cable 2M
B0F6LKSM1H,HDMI ケーブル,ケーブル,3119,3397,3.8,375,100+ bought in past month,,In Stock Click here for details of availability.,https://www.amazon.co.jp/dp/B0F6LKSM1H,https://m.media-amazon.com/images/I/71CxHdm93pL._AC_SY300_SX300_QL70_ML2_.jpg,"UGREEN DP to HDMI Bi-Directional HDMI to DP Cable, Supports 4K@60Hz, Display Output 4K@30Hz, Active Bi-Directional Transmission, HDCP, HDR, Dolby, 21.6Gbps, Durable Aluminum, Supports Duplicate and Extended Modes, Supports Monitors, Laptops, Desktops, HDTV, AMD NVIDIA, PS4/5 and More"
B00EL9UKPQ,ケーブル 5m,ケーブル,1999,,4.1,1032,,,In Stock Click here for details of availability.,https://www.amazon.co.jp/dp/B00EL9UKPQ,https://m.media-amazon.com/images/I/61VoFTMuaPL._AC_SY300_SX300_QL70_ML2_.jpg,"UGREEN RCA Cable, 16.4 ft (5 m) Audio Cable, Stereo Audio Cable, 2 RCA to 2 RCA (Red/White) Conversion, HiFi Sound Quality, 24K Gold Plated Connectors"
B0798MCD7L,SSD/HDDケース,SSD・HDDケース,848,998,4.2,1918,200+ bought in past month,,In Stock Click here for details of availability.,https://www.amazon.co.jp/dp/B0798MCD7L,https://m.media-amazon.com/images/I/71dgPJkYo+L._AC_SY300_SX300_QL70_ML2_.jpg,"UGREEN USB 3.0 MicroB USB Cable, Type A Male to Micro Type B Male, Fast Transfer and Fast Charging, Compatible with External HDD, SSD, Blu-ray, BD Drive, Digital Camera, Galaxy Note 3, S5 and More"
B0FL76HLMP,スマホホルダー,スマホアクセサリー,2480,3580,4.2,500,500+ bought in past month,65225,In Stock Click here for details of availability.,https://www.amazon.co.jp/dp/B0FL76HLMP,https://m.media-amazon.com/images/I/61Fjs9X+X1L._AC_SY300_SX300_QL70_ML2_.jpg,UGREEN WIFI Wireless LAN Extension Unit Wi-Fi 6 USB Adapter AX1800 1201Mbps + 574Mbps Windows 11/10 Compatible 5GHz/2.4GHz Dual Band 802.11AX Wireless Standard Super Fast Easy Setup WIFI Child Unit
B0DBZHFWXW,HDMI ケーブル,ケーブル,2319,2899,4,519,200+ bought in past month,,In Stock Click here for details of availability.,https://www.amazon.co.jp/dp/B0DBZHFWXW,https://m.media-amazon.com/images/I/616LDPb7-nL._AC_SY300_SX300_QL70_ML2_.jpg,"UGREEN HDMI to DisplayPort Cable 4K@60Hz, Active HDMI to DP Unidirectional Transmission, HDR, Dolby, 21.6Gbps, Heavy Duty Aluminum, Supports Duplication and Extended Modes, Supports Monitors, Laptops, Desktops, HDTV, AMD NVIDIA and More"
B0F8MY4PHG,ルーター,ネットワーク機器,780,,4.2,197,100+ bought in past month,,In Stock Click here for details of availability.,https://www.amazon.co.jp/dp/B0F8MY4PHG,https://m.media-amazon.com/images/I/61gsQ9Iq8vL._AC_SY300_SX300_QL70_ML2_.jpg,UGREEN LAN Cable CAT6A Mesh LAN Cable Category 6A Connector RJ45 High Speed 10Gbps/500MHz CAT6 Compliant Ethernet Cable Scratch Resistant PVC Material Compatible with Modem Router PS3 PS4 Xbox etc 6.6
B00B2HORS6,HDMI ケーブル,ケーブル,1104,1299,4.2,2458,50+ bought in past month,20118,In Stock Click here for details of availability.,https://www.amazon.co.jp/dp/B00B2HORS6,https://m.media-amazon.com/images/I/51tI-xI-aIL._AC_SY300_SX300_QL70_ML2_.jpg,UGREEN HDMI DVI Cable Bi-Directional Transmission DVI-D 24+1 1080P Male to Female Gold Plated
B00MYTSN18,USB LAN Wired LAN Adapter Switch Wired L,その他,1349,1663,4.3,26863,400+ bought in past month,FBA_20256,In Stock Click here for details of availability.,https://www.amazon.co.jp/dp/B00MYTSN18,https://m.media-amazon.com/images/I/51y48YAw2-L._AC_SY300_SX300_QL70_ML2_.jpg,UGREEN USB LAN Wired LAN Adapter Switch Wired LAN USB 3.0 to RJ45 Gigabit Ethernet 10/100/1000Mbps Super High Speed Switch Operation Confirmed Black
B00P0E39CM,USB-C ケーブル 1m,ケーブル,874,1099,4,40398,200+ bought in past month,,In Stock Click here for details of availability.,https://www.amazon.co.jp/dp/B00P0E39CM,https://m.media-amazon.com/images/I/61A1L3XcmTL._AC_SY300_SX300_QL70_ML2_.jpg,"UGREEN USB 3.0 Cable, Type A Male to Male with Gold Plated Connectors, Heavy Duty USB Cable Ends Male 1M Not Support Charging"
B07ZKRM12C,SDカードリーダー Type-C,SDカードリーダー,830,1099,4,6021,500+ bought in past month,80191,In Stock Click here for details of availability.,https://www.amazon.co.jp/dp/B07ZKRM12C,https://m.media-amazon.com/images/I/61jRf9300-L._AC_SY300_SX300_QL70_ML2_.jpg,"UGREEN SD Card Reader, Type-C and OTG Compatible, 2-in-1, USB 3.0, MicroSD, Supports Large Capacity Cards Up to 2 TB, Compatible with Android Smartphones, Tablets, MacBooks, Windows PCs"
B0DRNXMMP7,USB 延長ケーブル,USB延長ケーブル,1189,1299,4.7,359,50+ bought in past month,HD182,In Stock Click here for details of availability.,https://www.amazon.co.jp/dp/B0DRNXMMP7,https://m.media-amazon.com/images/I/71z94Tn6RJL._AC_SY300_SX300_QL70_ML2_.jpg,"UGREEN 8K@60Hz Micro HDMI Extension Cable, Micro HDMI to HDMI Conversion Adapter, Micro HDMI to HDMI Converter, 3D, HDMI 2.1, 8K, 60Hz, Compatible with Camera, Monitor, TV, Nylon Braided Aluminum"
B0BNBXVLZS,SDカードリーダー Type-C,SDカードリーダー,2797,3590,4.3,1899,500+ bought in past month,15251,In Stock Click here for details of availability.,https://www.amazon.co.jp/dp/B0BNBXVLZS,https://m.media-amazon.com/images/I/61fjXsZia+L._AC_SY300_SX300_QL70_ML2_.jpg,UGREEN USB-C SD Card Reader SD 4.0 UHS-II SDXC Card 4K Video High Speed Transfer for UHS-I/UHS-II SDXC/SDHC/SD/MMC/RS-MMC/microSDXC/microSD/microSDHC and more uhs2 Memory Card Reader
B09X2HLCLW,LAN ケーブル CAT8,LANケーブル,1879,,4.7,547,,,In Stock Click here for details of availability.,https://www.amazon.co.jp/dp/B09X2HLCLW,https://m.media-amazon.com/images/I/712GA0EBfIL._AC_SY300_SX300_QL70_ML2_.jpg,UGREEN LANケーブル CAT8 メッシュLANケーブル カテゴリー8 コネクタ 超光速25Gbps/2000MHz CAT8準拠 イーサネットケーブル 爪折れ防止 シールド モデム ルータ PS3 PS4 Xbox等に対応 8M
B00P0FO1P0,USB-C ケーブル 1.5m,ケーブル,749,999,4.3,46388,400+ bought in past month,,In Stock Click here for details of availability.,https://www.amazon.co.jp/dp/B00P0FO1P0,https://m.media-amazon.com/images/I/61OU6twwxwL._AC_SY300_SX300_QL70_ML2_.jpg,"UGREEN Printer Cable, USB Cable, AB Type, Printer Wiring, 4.9 ft (1.5 m), Compatible with Scanners, Fax Machines, Copiers, Gold Plated Connectors, Enables Qualifying Invoice"
B0DP9QL8CW,急速充電器,充電器,1039,1299,4.4,720,400+ bought in past month,65332,In Stock Click here for details of availability.,https://www.amazon.co.jp/dp/B0DP9QL8CW,https://m.media-amazon.com/images/I/613UK8upTcL._AC_SY300_SX300_QL70_ML2_.jpg,UGREEN USB-C Conversion Adapter 2 Pack 10Gbps Fast Charging and High Speed Data Transfer USB-C (Female) to USB-A (Male) Adapter with Anti-Loss Silicone Ring Compatible with iPhone 16/15/14 / iPad
B0DMF8H43J,LAN ケーブル CAT8,LANケーブル,893,1280,4.7,904,400+ bought in past month,FT-55359,In Stock Click here for details of availability.,https://www.amazon.co.jp/dp/B0DMF8H43J,https://m.media-amazon.com/images/I/617Ys3fp5mL._AC_SY300_SX300_QL70_ML2_.jpg,UGREEN LAN Cable Extension Connector 10Gbps for Cat8/Cat7/Cat6/Cat6A/Cat5E Cables LAN Extension Relay Connector PoE Support 100M Long Range RJ45 Ethernet Connector Gigabit 1 Pack
B0G4CT7LKJ,スマホケース,スマホアクセサリー,2318,3090,4.3,60,500+ bought in past month,CM197,In Stock Click here for details of availability.,https://www.amazon.co.jp/dp/B0G4CT7LKJ,https://m.media-amazon.com/images/I/61xGgIqDTuL._AC_SY300_SX300_QL70_ML2_.jpg,"UGREEN HDD Case for 2.5/3.5 inch HDD SSD Stand, Supports up to 32 TB SATA to USB 3.0 Hard Disk Case, External Docking Station, Support UASP, Equipped with TRIM Function, 12V Power Adapter, No Tools Required, Compatible with Windows / Mac / Router / PS3 / PS4 / Xbox"
B0DSBN64PL,LAN ケーブル CAT7,LANケーブル,1993,2760,4.3,242,,,In Stock Click here for details of availability.,https://www.amazon.co.jp/dp/B0DSBN64PL,https://m.media-amazon.com/images/I/61gnelK4cKL._AC_SY300_SX300_QL70_ML2_.jpg,Ugreen RJ45 Connector Cat7 4Pcs No Crimping Required LAN Connector Super Light Speed 10Gbps with Load Bar Shielded Less Prone to Nail Breakage Compatible with Both Twisted Pair/Single Wire Aluminum
B08CDFY3CN,USB-C ケーブル 60W,ケーブル,999,1199,4.2,3512,300+ bought in past month,,In Stock Click here for details of availability.,https://www.amazon.co.jp/dp/B08CDFY3CN,https://m.media-amazon.com/images/I/61LzZYBmR8L._AC_SY300_SX300_QL70_ML2_.jpg,UGREEN [L-Shaped] USB C Cable Type-c L-Shaped 60W/3A PD3.0 Fast Charging C to C Nylon Braided Compatible with iPhone 17/16/15 Series/MacBook/iPad/Galaxy/Google/Switch/Drones and Other USB-C Devices
B0FMRXM2KD,スマホホルダー,スマホアクセサリー,5824,6999,4.9,29,50+ bought in past month,CM739,In Stock Click here for details of availability.,https://www.amazon.co.jp/dp/B0FMRXM2KD,https://m.media-amazon.com/images/I/51f0Dra1gtL._AC_SY300_SX300_QL70_ML2_.jpg,"UGREEN Switching Hub, 16-Port Gigabit LAN Hub, 1000Mbps, Wall Mounted, Plug & Play, Metal Housing, PSE Certified, AC Adapter"
B0B3D1KD8T,マウス ワイヤレス 4000DPI,マウス,1499,1999,3.8,1070,200+ bought in past month,90855,In Stock Click here for details of availability.,https://www.amazon.co.jp/dp/B0B3D1KD8T,https://m.media-amazon.com/images/I/51aC3zDVJuL._AC_SY300_SX300_QL70_ML2_.jpg,UGREEN Wireless Mouse Bluetooth & 2.4GHz Silent Mouse Wireless 6 Button 4000DPI 5-Level DPI Switching Battery Operated Compatible with Windows PC Chromebook etc. Black
B0D3VDJG1D,スマホホルダー,スマホアクセサリー,2733,3699,4.4,815,200+ bought in past month,45416,In Stock Click here for details of availability.,https://www.amazon.co.jp/dp/B0D3VDJG1D,https://m.media-amazon.com/images/I/61jkYaPZ6kL._AC_SY300_SX300_QL70_ML2_.jpg,"UGREEN Laptop Stand, Biaxial Construction, PC Stand, Load Capacity 11.0 lbs (5 kg), Tablet Stand, Ergonomic Design, Improves Posture, Foldable, Stability, Improved Efficiency, High Heat Dissipation"
B0963DGJSJ,スマホケース,スマホアクセサリー,1498,1999,4.2,1672,400+ bought in past month,30727,In Stock Click here for details of availability.,https://www.amazon.co.jp/dp/B0963DGJSJ,https://m.media-amazon.com/images/I/61OgWfTNj7L._AC_SY300_SX300_QL70_ML2_.jpg,UGREEN 2.5-inch HDD Case HDD/SSD Case [USB 3.1 Gen 2 Standard] SATA 3.0 Type-C Connection UASP Compatible 6Gbps High-Speed Transfer Rate 10TB Large Capacity 9.5mm/7mm HDD/SSD Compatible 2.5-inch Hard
B0B4JTKF6T,Bluetoothアダプター,Bluetoothアダプター,2159,2699,4.1,10059,200+ bought in past month,,In Stock Click here for details of availability.,https://www.amazon.co.jp/dp/B0B4JTKF6T,https://m.media-amazon.com/images/I/81V6l2b7k1L._AC_SY300_SX300_QL70_ML2_.jpg,UGREEN 5.3 Bluetooth Receiver 3.5mm Receiver SBC/AAC Compatible with Car/AUX/iPhone/Android Car Audio/Component/Smartphone/Tablet Type-C Charging [TELEC Certification Number: R217-220610] Use While
B0F8MXPL8W,ルーター,ネットワーク機器,1359,1629,4.2,197,50+ bought in past month,,In Stock Click here for details of availability.,https://www.amazon.co.jp/dp/B0F8MXPL8W,https://m.media-amazon.com/images/I/61Ib6GD22sL._AC_SY300_SX300_QL70_ML2_.jpg,"UGREEN LAN Cable CAT6A Mesh LAN Cable Category 6A Connector RJ45 High Speed 10Gbps/500MHz CAT6 Compliant Ethernet Cable Scratch Resistant PVC Material Compatible with Modem, Router, PS3, PS4, Xbox"
B0D8BDFQ22,ケーブル,ケーブル,4239,5299,4.3,695,100+ bought in past month,35629,In Stock Click here for details of availability.,https://www.amazon.co.jp/dp/B0D8BDFQ22,https://m.media-amazon.com/images/I/71LAH-vU6jL._AC_SY300_SX300_QL70_ML2_.jpg,"UGREEN Tabletop Microphone with RGB Light, USB Microphone, Mute Button, 24bit/96kHz, Unidirectional Polar Pattern, Volume Control, Condenser Microphone for Streaming, Gaming, Podcasting, Recording"
B076WQHK2G,スマホケース,スマホアクセサリー,2685,3580,4.3,5293,200+ bought in past month,50423,In Stock Click here for details of availability.,https://www.amazon.co.jp/dp/B076WQHK2G,https://m.media-amazon.com/images/I/51E1P7vyh8L._AC_SY300_SX300_QL70_ML2_.jpg,"UGREEN 3.5 Inch HDD Case, USB 3.2 Gen 1, Hard Disk Case, 2.5/3.5 Inch, SATA 3.0 Compatible, Hdd/SSD Case, UASP, Supports 5 Gbps, High Speed Transfer, 20 TB Capacity, 12 V Power Adapter Included, 2.5"
B07V4RYGV4,スマホホルダー MagSafe,スマホアクセサリー,1574,2099,4.4,1946,100+ bought in past month,15846,In Stock Click here for details of availability.,https://www.amazon.co.jp/dp/B07V4RYGV4,https://m.media-amazon.com/images/I/71-vmfooy8L._AC_SY300_SX300_QL70_ML2_.jpg,"UGREEN Car Holder, Magnet, Magsafe Type, Super Strong Magnetic, One Hand Operation, Smartphone Holder, Mobile Phone Holder, Compatible with Car Air Conditioner Vent, Easy Installation, Compatible with"
B0FW4NJQLF,スマホホルダー,スマホアクセサリー,1598,1999,4.3,68,200+ bought in past month,35492JP,In Stock Click here for details of availability.,https://www.amazon.co.jp/dp/B0FW4NJQLF,https://m.media-amazon.com/images/I/6146H2dwilL._AC_SY300_SX300_QL70_ML2_.jpg,"UGREEN Switching Hub, 5 Ports, Giga-Compatible, LAN Hub, 10/100/1000 Mbps, Gigabit, Compact, Sound Fanless, Power Saving, Wall Mounted, Plug & Play"
B01J5DYWTW,Bluetoothアダプター v5.3,Bluetoothアダプター,2523,2969,4,644,100+ bought in past month,,In Stock Click here for details of availability.,https://www.amazon.co.jp/dp/B01J5DYWTW,https://m.media-amazon.com/images/I/618lO3kOcLL._AC_SY300_SX300_QL70_ML2_.jpg,"UGREEN Bluetooth 5.3 Receiver, Audio Receiver, TELEC Certification Number: R211-190314, 0.1 inch (3.5 mm) AUX + RCA Bluetooth Receiver, EDR, Power Saving, For Combo/TV/Speakers, Wireless, AAC Compatible, Charging While Using"
B0D2Q5M35Y,スマホホルダー MagSafe,スマホアクセサリー,1603,2099,4.2,5899,500+ bought in past month,45141,In Stock Click here for details of availability.,https://www.amazon.co.jp/dp/B0D2Q5M35Y,https://m.media-amazon.com/images/I/71ZNCafgBsL._AC_SY300_SX300_QL70_ML2_.jpg,"UGREEN Car Holder, Magsafe Type, Air Conditioning Vent, Magnetic, Super Strong Magnetic, Magsafe Holder, One Hand Operation, Car, Smartphone Holder, Compatible with Horizontal Vertical Vents, Easy Installation, Compatible with 4.3 - 7.6 inches, iPhone 17, 16, 15, 14, 13, 12 and More with Metal Ring"
B0DZP2L6FB,4K Adapter DP to HDMI 2-Pack 4K@30Hz 2K@,その他,1699,1999,4.6,807,,65982,In Stock Click here for details of availability.,https://www.amazon.co.jp/dp/B0DZP2L6FB,https://m.media-amazon.com/images/I/61ZIz4lfVkL._AC_SY300_SX300_QL70_ML2_.jpg,UGREEN 4K Adapter DP to HDMI 2-Pack 4K@30Hz 2K@60Hz DP Male-HDMI Female Aluminum Alloy Compatible with Laptops/HDTV Monitors/Projectors
B0CZD94YFR,マウス,マウス,999,,4.4,4194,500+ bought in past month,35995,In Stock Click here for details of availability.,https://www.amazon.co.jp/dp/B0CZD94YFR,https://m.media-amazon.com/images/I/61XOqzdlatL._AC_SY300_SX300_QL70_ML2_.jpg,"UGREEN USB 5.3 Bluetooth Adapter, PC Bluetooth Adapter for Windows 11/10/8.1, Plug & Play, Bluetooth Receiver & Transmitter for Keyboard/Mouse/Headphones/Speakers/Printer [TELEC Certified]"
B0FY6GSTN1,マウス,マウス,3992,4990,4.1,248,100+ bought in past month,,In Stock Click here for details of availability.,https://www.amazon.co.jp/dp/B0FY6GSTN1,https://m.media-amazon.com/images/I/41ytY4C4GnL._SX342_SY445_QL70_ML2_.jpg,UGREEN HDMI 2.0 KVM Switcher 2 in 1 output 4K@60Hz | 4 x USB 3.0 (USB-A 3+1C) | Keyboard and Mouse Sharing | Desk Controller Included | Supports Windows/macOS/Linux
B0F62S8P1T,USB-C ケーブル 240W,ケーブル,1449,2390,4.6,1062,300+ bought in past month,,In Stock Click here for details of availability.,https://www.amazon.co.jp/dp/B0F62S8P1T,https://m.media-amazon.com/images/I/61a+hNOeT8L._AC_SY300_SX300_QL70_ML2_.jpg,"UGREEN USB C Cable 240W High Output with LED Real-Time Display, PD3.1 Fast Charging Data Transfer Type-C USB Charging Cable for iPhone 17/16/15, High-Speed Charging for MacBook Pro/Air, iPad Pro"
B0DPWBTFCJ,急速充電器,充電器,1279,1499,4.4,720,100+ bought in past month,LS502,In Stock Click here for details of availability.,https://www.amazon.co.jp/dp/B0DPWBTFCJ,https://m.media-amazon.com/images/I/61zklBOufVL._AC_SY300_SX300_QL70_ML2_.jpg,"UGREEN USB-C Conversion Adapter 3 Pack, 10Gbps Fast Charging and High-Speed Data Transfer USB-C (Female) to USB-A (Male) Adapter with Anti-Loss Silicone Ring Compatible with iPhone 16/15/14 / iPad"
B0BD4C74MW,スマホホルダー,スマホアクセサリー,1868,2199,4.2,18026,50+ bought in past month,15162,In Stock Click here for details of availability.,https://www.amazon.co.jp/dp/B0BD4C74MW,https://m.media-amazon.com/images/I/51srMh5DHfL._AC_SY300_SX300_QL70_ML2_.jpg,"UGREEN Tablet Stand Foldable iPad Stand Compatible with Tablet and Smartphone Adjustable Angle Stability ABS Material Anti-slip Rubber Compatible with 4-12 Inch Devices such as iPad Pro, Galaxy Tab"
B0DJY2W5ZD,イヤホン Bluetooth ANC,イヤホン・ヘッドホン,5994,9990,4.2,634,50+ bought in past month,HP206,In Stock Click here for details of availability.,https://www.amazon.co.jp/dp/B0DJY2W5ZD,https://m.media-amazon.com/images/I/61QA8mLCZFL._AC_SY300_SX300_QL70_ML2_.jpg,"UGREEN HiTune Max6 Wireless Headphones, 48 dB Compatible ANC / LDAC & Hi-Res Dual Gold Awards, Ultra Long Lasting 120 Hours, Bluetooth 6.0, Dual Coaxial Drivers, Multi-Point, AI Assistant, Rapid"
B0CQCPVBGF,Bluetoothアダプター v5.4,Bluetoothアダプター,2644,3299,4.1,3114,100+ bought in past month,,In Stock Click here for details of availability.,https://www.amazon.co.jp/dp/B0CQCPVBGF,https://m.media-amazon.com/images/I/711YrCA-hTL._AC_SY300_SX300_QL70_ML2_.jpg,"UGREEN Latest Bluetooth 5.4 Car Receiver, [Enhanced Connection and Noise Cancelling], Bluetooth Receiver Bluetooth-enabled USB Type Bluetooth 5.4 Aux Receiver, For Car Music/Hands-Free Calls/Stereo"
B0D53RXMB1,スマートトラッカー FineTrack,トラッカー,1474,2299,4,9025,300+ bought in past month,TSAUGREEN107,In Stock Click here for details of availability.,https://www.amazon.co.jp/dp/B0D53RXMB1,https://m.media-amazon.com/images/I/61LBwV9r3QL._AC_SY300_SX300_QL70_ML2_.jpg,"UGREEN FineTrack Smart Finder 1 Piece Smart Tracker Compatible with Apple ""Find My"" (iOS Devices Only) Smart Tag SmartTrack Anti-loss Tag/Item Finder for Keys/Bags/Wallets/Luggage/Pet Collars etc"
B0D3WT12Y8,スマホホルダー,スマホアクセサリー,3048,3999,4.2,559,400+ bought in past month,45418,In Stock Click here for details of availability.,https://www.amazon.co.jp/dp/B0D3WT12Y8,https://m.media-amazon.com/images/I/61tbnhVg0HL._AC_SY300_SX300_QL70_ML2_.jpg,"UGREEN Laptop Stand, 360 Degree Rotation, PC Stand, Load Capacity 11.0 lbs (5 kg), Tablet Stand, Ergonomic Design, Improves Posture, Foldable, Stability, Improved Efficiency, High Heat Dissipation"
B088D8SWTN,ケーブル,ケーブル,1589,2160,4.3,2046,,,In Stock Click here for details of availability.,https://www.amazon.co.jp/dp/B088D8SWTN,https://m.media-amazon.com/images/I/61zzaB7skAL._AC_SY300_SX300_QL70_ML2_.jpg,"UGREEN 3.5mm Audio Cable Male to Male Heavy Duty Nylon Aux Cable 3.5mm Stereo Mini Plug Headphone Cable Nylon Braided Male to Male Audio Cable Durable for Headphones, Speakers, Sounds, Cars, iPhones"
B09XHW7D4B,USB-C ケーブル 5m,ケーブル,2299,,4.6,1096,,,In Stock Click here for details of availability.,https://www.amazon.co.jp/dp/B09XHW7D4B,https://m.media-amazon.com/images/I/61gEe0l8INL._AC_SY300_SX300_QL70_ML2_.jpg,UGREEN USB Extension 5M USB Cable USB 3.0 Type A Male to A Female Fast Data Transfer Gold Plated Connector USB Extension Cord Enables Qualifying Invoice
B0DGXGNQFS,USB-C ケーブル 60W 3m,ケーブル,1799,,4.7,42,,,In Stock Click here for details of availability.,https://www.amazon.co.jp/dp/B0DGXGNQFS,https://m.media-amazon.com/images/I/71+wBxEvP-L._AC_SY300_SX300_QL70_ML2_.jpg,"UGREEN USB C Cable, USB C 60W USB Type C Cable Fast Charging PD3.0 for iPhone 16/15 Plus Pro Max, iPad Pro Air, Galaxy S24/S23, Pixel 9/Pro/Pro XL, PS5, Drone and More 3M"
B0C58DKH5F,LAN ケーブル CAT8,LANケーブル,1365,1820,4.4,888,100+ bought in past month,25237,In Stock Click here for details of availability.,https://www.amazon.co.jp/dp/B0C58DKH5F,https://m.media-amazon.com/images/I/61eSmfpl+JL._AC_SY300_SX300_QL70_ML2_.jpg,"UGREEN LAN Cable Extension Connector 10Gbps for Cat8/Cat7/Cat6/Cat5 Cables, 2-Pack, Repeater Connector, Gigabit Compatible, 100M Long-Distance Extension, Aluminum Alloy Shell, Grey, 2-Piece Set"
B0FJMJRP1Z,DP ケーブル,ケーブル,2174,2899,4.6,95,,CM654,In Stock Click here for details of availability.,https://www.amazon.co.jp/dp/B0FJMJRP1Z,https://m.media-amazon.com/images/I/61gy2s2N33L._AC_SY300_SX300_QL70_ML2_.jpg,UGREEN USB-C DisplayPort Adapter DP 2.1 Up to 16K@60Hz 8K@120Hz 80Gbps High Bandwidth FreeSync G-Sync Thunderbolt 3/4/5 DP Alt Mode Short Cable for iPhone 17/16 Mac mini M4/M4 Pro
B0B9RQG2MH,USB-C ケーブル 2m,ケーブル,933,1098,4.3,46388,100+ bought in past month,,In Stock Click here for details of availability.,https://www.amazon.co.jp/dp/B0B9RQG2MH,https://m.media-amazon.com/images/I/61OU6twwxwL._AC_SY300_SX300_QL70_ML2_.jpg,UGREEN Printer Cable USB Cable AB Type Printer Wire 2M Compatible with Scanner Fax Machine Copier Gold Plated Connector
B07Q2BXZCQ,USB-Cハブ,USBハブ・ドック,1119,1296,4,175,50+ bought in past month,70336JP,In Stock Click here for details of availability.,https://www.amazon.co.jp/dp/B07Q2BXZCQ,https://m.media-amazon.com/images/I/5144iPgOWRL._AC_SY300_SX300_QL70_ML2_.jpg,UGREEN USB-C Hub 4 Ports Type-C Hub USB 3.0 Extension 15cm Cable Self-Powered and Bus-Powered Compatible 5Gbps High-Speed Data Transfer with LED Light and Power Supply Port Compatible with USB Memory
B08MXL8JGF,スマホホルダー,スマホアクセサリー,1559,2180,4,866,50+ bought in past month,10387,In Stock Click here for details of availability.,https://www.amazon.co.jp/dp/B08MXL8JGF,https://m.media-amazon.com/images/I/61---+7L4cL._AC_SY300_SX300_QL70_ML2_.jpg,"UGREEN USB Type C Extension Cable, Type C Extension Cord, 4K 60Hz Video Output, PD 100W/5A, USB 3.2, Gen 2 Standard, 10Gbps High Speed Transfer, Thunderbolt 3 Compatible, Bi-Directional Transmission, Compatible with USB C Devices like iPhone 17, Galaxy S24, Mac Book, iPad, Switch Surface, 3.3 ft (1 m)"
B00B2HORD6,HDMI DVI Adapter Male to Female DVI-D 24,その他,999,1180,4.2,3392,50+ bought in past month,20124,In Stock Click here for details of availability.,https://www.amazon.co.jp/dp/B00B2HORD6,https://m.media-amazon.com/images/I/61EDN31iVvL._AC_SY300_SX300_QL70_ML2_.jpg,UGREEN HDMI DVI Adapter Male to Female DVI-D 24+1 Bi-Directional Transmission 1080P Gold Plated (DVI-D 24+1)
B088H46Q3Y,スマホホルダー,スマホアクセサリー,1784,2099,4.5,5802,200+ bought in past month,,In Stock Click here for details of availability. In Stock,https://www.amazon.co.jp/dp/B088H46Q3Y,https://m.media-amazon.com/images/I/617yqEpnZlL._AC_SY300_SX300_QL70_ML2_.jpg,"UGREEN Gaming 8K Displayport Cable, 1.4 Standard, VESA Standard, DisplayPort Cable, HDR Compatible, 8K@60HZ/4K@144Hz/2K@240Hz, 32.4Gbps, High Speed DP, Nylon Braided, PC, TV, PS4, PS3 Compatible, 10ft"
B0C3CX549X,急速充電器 30W GaN,充電器,2080,,4.3,12509,,15096,In Stock Click here for details of availability.,https://www.amazon.co.jp/dp/B0C3CX549X,https://m.media-amazon.com/images/I/412qC9krRZL._AC_SY300_SX300_QL70_ML2_.jpg,"UGREEN Nexode Mini 30W PD Charger, USB-C Rapid Charger, Uses GaNFast II (Galium Nitride), Ultra Compact, Foldable Plug, Compatible with PD/PPS/QC4+/SCP Standards and PSE Technology Standards, Type C Charger, Compatible with iPhone 17-8 Series, Galaxy S24, Google Pixel Series, MacBook Air, iPad Pro, iWatch, etc. CD319, White"
B0CPF28PS5,USB-Cハブ 4-in-1,USBハブ・ドック,1189,1299,4.4,21421,50+ bought in past month,35574,In Stock Click here for details of availability.,https://www.amazon.co.jp/dp/B0CPF28PS5,https://m.media-amazon.com/images/I/61p1cZR0PdL._AC_SY300_SX300_QL70_ML2_.jpg,"UGREEN USB Hub, USB 3.0, 4 Ports USB A Hub, 5 Gbps High Speed Transfer, Slim Lightweight Hub, 4 in 1 Compatible with MacBook/iMac/Surface Pro, Compatible with Laptops, Mac OS/Windows/Chromebook/Linux"
B0CJ4YGDJH,HDMI ケーブル 2m,ケーブル,3519,4399,4.2,766,50+ bought in past month,,In Stock Click here for details of availability.,https://www.amazon.co.jp/dp/B0CJ4YGDJH,https://m.media-amazon.com/images/I/71DJMiBi4KL._AC_SY300_SX300_QL70_ML2_.jpg,"UGREEN DisplayPort to HDMI Cable 8K@60Hz 4K@240Hz Active DP 1.4 to HDMI 2.1 Unidirectional Transmission, HDR, Dolby, HDCP2.3, DSC1.2a, 32.4Gbps Durable Nylon Braided for Monitors, Dell, HP, HDTV, AMD NVIDIA and More 2M"
B0F9YFLVJN,USB Converter Adapter 4-Piece Set High-S,その他,1363,1599,4.7,2785,300+ bought in past month,75990,In Stock Click here for details of availability.,https://www.amazon.co.jp/dp/B0F9YFLVJN,https://m.media-amazon.com/images/I/61zmZNgcRfL._AC_SY300_SX300_QL70_ML2_.jpg,"UGREEN USB Converter Adapter 4-Piece Set High-Speed 10Gbps USB A to USB C & USB C to USB A Charging/Data Transfer Compatible with MacBook, iPhone, iPad, Galaxy"
B0DPW9P434,2pcs USB 3.0 USB-C to USB-A Converter Ad,その他,842,998,4.7,97,50+ bought in past month,65560,In Stock Click here for details of availability.,https://www.amazon.co.jp/dp/B0DPW9P434,https://m.media-amazon.com/images/I/51BYX5ZC86L._AC_SY300_SX300_QL70_ML2_.jpg,UGREEN 2pcs USB 3.0 USB-C to USB-A Converter Adapter with Anti-lost Strap
B0F3WSXWHW,HDMIスイッチャー,HDMI関連,2000,2500,4.3,865,300+ bought in past month,65877,In Stock Click here for details of availability.,https://www.amazon.co.jp/dp/B0F3WSXWHW,https://m.media-amazon.com/images/I/61kAyVyO1rL._AC_SY300_SX300_QL70_ML2_.jpg,"UGREEN HDMI Switcher / HDMI Selector, 2 Input 1 Output, 8K@60Hz/4K@240Hz, HDCP 2.3/HDMI 2.1, HDR 10+, CEC, VRR, Manual Switch/Switch 2, Compatible with PS5, PC, Xbox, PS4, Fire TV Stick, Apple TV"
B077Z2LCG8,USB-C ケーブル,ケーブル,1099,,4.4,17179,100+ bought in past month,,In Stock Click here for details of availability.,https://www.amazon.co.jp/dp/B077Z2LCG8,https://m.media-amazon.com/images/I/61eeKU6vDqL._AC_SY300_SX300_QL70_ML2_.jpg,"UGREEN USB Type C Cable, 2-Pack, Fast Charging Nylon Braided Gold-Plated USB A to USB C Quick Charge 3.0 Android Charging Cord, Compatible with Xperia XZ, AQUOS R, Galaxy S9/S8/S8 Plus, Android Type C"
B0DXDTQRXD,USB-C ケーブル 100W,ケーブル,1246,1680,4.5,805,,,In Stock Click here for details of availability.,https://www.amazon.co.jp/dp/B0DXDTQRXD,https://m.media-amazon.com/images/I/71QIYZFjMgL._AC_SY300_SX300_QL70_ML2_.jpg,"UGREEN [100W] USB-C Cable, Minimalist Type, Textured Surface, Nylon Braid, Anti-Disconnect, Compatible with iPhone 17/16/15 Series, iPad, MacBook Pro, Galaxy, Xperia, and Other USB-C Devices, 9.8 ft"
B0BXF9L79R,HDMI ケーブル 2m,ケーブル,1444,1700,4.4,1393,300+ bought in past month,,In Stock Click here for details of availability.,https://www.amazon.co.jp/dp/B0BXF9L79R,https://m.media-amazon.com/images/I/71hDt-VLz8L._AC_SY300_SX300_QL70_ML2_.jpg,"UGREEN Mini HDMI Conversion Cable, HDMI 2.1, 8K @ 60Hz Conversion Adapter, 8K Mini HDMI Cable, 6.6 ft (2 m), Bi-Directional Communication, for TV, Mobile Monitors, Cameras, PC, etc. (HDMI Type A Male to Mini Type C Male)"
B0D53K7HK9,スマホケース,スマホアクセサリー,1798,2399,3.8,4355,400+ bought in past month,35267,In Stock Click here for details of availability.,https://www.amazon.co.jp/dp/B0D53K7HK9,https://m.media-amazon.com/images/I/61ATLiiwnnL._AC_SY300_SX300_QL70_ML2_.jpg,"UGREEN M.2 SSD External Case M.2 SSD Case 【USB 3.2 Gen 2 10Gbps Transfer Speed】 Dedicated for NVME/PCIe, Large Capacity 8TB, Supports 2230/2242/2260/2280 M key/B+M key NVME SSD, Aluminum, Compatible"
B0DSJ5ZH8F,スマホホルダー,スマホアクセサリー,11298,13999,4.4,1343,200+ bought in past month,65487,In Stock Click here for details of availability.,https://www.amazon.co.jp/dp/B0DSJ5ZH8F,https://m.media-amazon.com/images/I/61mFn-aoMSL._AC_SY300_SX300_QL70_ML2_.jpg,UGREEN Mac Mini M4 Docking Station & Stand | NVMe SSD Expansion Slot | Supports USB-A x 3 (10Gbps) USB-C Data Port and SD Card Reader | For Mac mini M4 / M4 Pro
B09SSX4Y3K,ケーブル,ケーブル,2680,,4.3,15038,,,In Stock Click here for details of availability.,https://www.amazon.co.jp/dp/B09SSX4Y3K,https://m.media-amazon.com/images/I/61zzaB7skAL._AC_SY300_SX300_QL70_ML2_.jpg,UGREEN 3.5mm Audio Cable Male to Male High-Durability Nylon Aux Cable 3.5mm Stereo Mini Plug Headphone Cable Nylon Braided Male to Male Audio Cable High-Durability Compatible with Headphones/Speakers
B0FPLCMCRW,スマホケース,スマホアクセサリー,3299,4399,4.2,86,200+ bought in past month,CM198,In Stock Click here for details of availability.,https://www.amazon.co.jp/dp/B0FPLCMCRW,https://m.media-amazon.com/images/I/51g-HVV88hL._AC_SY300_SX300_QL70_ML2_.jpg,"UGREEN HDD Case for 2.5/3.5 Inch HDD SSD Stand, SATA to USB 3.0 Hard Disk Case, External Docking Station, Clone Function, Supports Up to 32 TB, UASP, Equipped with TRIM Function, 12V Power Adapter Included, No Tools Required, Compatible with Windows/Mac/Router/PS3/PS4/XBOX"
B0FYFJHYJ2,イヤホン Bluetooth,イヤホン・ヘッドホン,3199,3999,4,218,400+ bought in past month,65708,In Stock Click here for details of availability.,https://www.amazon.co.jp/dp/B0FYFJHYJ2,https://m.media-amazon.com/images/I/61Wb+6fSQzL._AC_SY300_SX300_QL70_ML2_.jpg,"UGREEN USB-C Bluetooth Adapter for PS5, Gaming Consoles, PCs, Bluetooth 6.0 Transmitter (Compatible with LE Audio, aptX Adaptive/HD/aptX/SBC) with Dual Pairing & ""One Pair"" Broadcast Function for Wireless Headphones and Speakers, TELEC Certified"
B0CMHTFHSM,スマホホルダー,スマホアクセサリー,2526,3159,4.2,813,200+ bought in past month,35090,In Stock Click here for details of availability.,https://www.amazon.co.jp/dp/B0CMHTFHSM,https://m.media-amazon.com/images/I/61c7Q-gIf5L._AC_SY300_SX300_QL70_ML2_.jpg,"UGREEN Tablet Stand, iPad 360° Rotating Base, Foldable, Adjustable Height, Angle, Aluminum, Portable Stand, Tabletop, Portrait and Landscape, Compatible with 4.7-13 Inch iPad Pro, Air, Mini and More"
B0CLV3D3H6,スマホケース,スマホアクセサリー,9737,13980,4,1530,,15976-40GB,In Stock Click here for details of availability.,https://www.amazon.co.jp/dp/B0CLV3D3H6,https://m.media-amazon.com/images/I/71pD7mC-uuL._AC_SY300_SX300_QL70_ML2_.jpg,"UGREEN M.2 SSD External Case, USB4 40Gbps, M.2 SSD Case, NVME/Pcie Case, Thunderbolt 3/4 PCIe 4.0x4 Compatible, Aluminum, M.2 Hard Disk Case, Supports NVME SSDs, Includes 2 Cables"
B0DMF8G398,LAN ケーブル CAT8,LANケーブル,1274,1699,4.7,904,100+ bought in past month,65146,In Stock Click here for details of availability.,https://www.amazon.co.jp/dp/B0DMF8G398,https://m.media-amazon.com/images/I/617Ys3fp5mL._AC_SY300_SX300_QL70_ML2_.jpg,UGREEN LAN Cable Extension Connector 10Gbps for Cat8/Cat7/Cat6/Cat6A/Cat5E Cable LAN Extension Repeater Connector PoE Support 100M Long Distance RJ45 Ethernet Connector Gigabit 2-Pack
B0BZC532C2,急速充電器,充電器,2889,3799,4,2165,300+ bought in past month,15910,In Stock Click here for details of availability.,https://www.amazon.co.jp/dp/B0BZC532C2,https://m.media-amazon.com/images/I/510Vh1WIBBL._AC_SY300_SX300_QL70_ML2_.jpg,"UGREEN iPad Pencil, Apple Pencil, Magnetic Adsorption, Wireless Fast Charging, Apple Pencil 2nd Generation Compatible Stylus Pen, Ultra Sensitive, Ultra Fine, 0 Delay, Tilt Sensor, Anti-Malfunction"
B0BNC26BXT,USB-Cハブ,USBハブ・ドック,1519,1809,4.5,833,50+ bought in past month,15394,In Stock Click here for details of availability.,https://www.amazon.co.jp/dp/B0BNC26BXT,https://m.media-amazon.com/images/I/61nZL44XxKL._AC_SY300_SX300_QL70_ML2_.jpg,"UGREEN USB-C Hub, 4 Ports, Type-C Hub, USB 3.0 Expansion, 23.6 inches (60 cm) Cable, Supports Self-Power and Bus Power, 5 Gbps High Speed Data Transfer, LED Light, Power Supply Port, USB Memory"
B088D6F16G,ケーブル,ケーブル,719,1320,4.3,1319,,,In Stock Click here for details of availability.,https://www.amazon.co.jp/dp/B088D6F16G,https://m.media-amazon.com/images/I/61zzaB7skAL._AC_SY300_SX300_QL70_ML2_.jpg,UGREEN 3.5mm Audio Cable Male to Male High-Durability Nylon aux Cable 3.5mm Stereo Mini Plug Headphone Cable Nylon Braided Male to Male Audio Cable High Durability Compatible with Headphones/Speakers
B08DNR22Q7,スマホケース,スマホアクセサリー,2319,,4.4,3701,,ACBUGN10902,In Stock Click here for details of availability. Only 1 left in stock - order soon. Click here for details of availability.,https://www.amazon.co.jp/dp/B08DNR22Q7,https://m.media-amazon.com/images/I/61cmGQrfA7S._AC_SY300_SX300_QL70_ML2_.jpg,UGREEN M.2 SSD Case PCIe NVMe M.2 SSD External Enclosure USB 3.1 Gen 2 Thunderbolt 3 Compatible UASP 10Gbps Transfer Speed Aluminum Made Tool-Free Easy Installation 2230 / 2242 / 2260 / 2280mm M Key/B
B09736KRMD,スマホケース,スマホアクセサリー,2477,3099,4.1,922,300+ bought in past month,70310,In Stock Click here for details of availability.,https://www.amazon.co.jp/dp/B09736KRMD,https://m.media-amazon.com/images/I/611RhRlgWZL._AC_SY300_SX300_QL70_ML2_.jpg,UGREEN HDD Case 3.5 Inch HDD Hard Disk Case USB 3.0 Connection 2.5/3.5 Inch SATA 3.0 Compatible SSD Case UASP Compatible 5Gbps High-Speed Transfer Rate Supports Up to 20TB Capacity Includes Power
B0G64RT15Y,スマートトラッカー FineTrack,トラッカー,1799,2590,4.8,32,100+ bought in past month,FT309,In Stock Click here for details of availability.,https://www.amazon.co.jp/dp/B0G64RT15Y,https://m.media-amazon.com/images/I/51PmgMaBlpL._AC_SY300_SX300_QL70_ML2_.jpg,"UGREEN FineTrack 2 Smart Finder (iOS Only), Soccer Ball Shape, Smart Tracker Compatible with Apple ""Search"" 7 Year Battery Life, Anti-Lost Tag, Luggage, Keys, Bags, Etc., Apple ""Find"" Certified"
B0D9GM3NLV,スマホケース,スマホアクセサリー,2248,2999,4,1098,100+ bought in past month,15813,In Stock Click here for details of availability.,https://www.amazon.co.jp/dp/B0D9GM3NLV,https://m.media-amazon.com/images/I/61zZv9bguSL._AC_SY300_SX300_QL70_ML2_.jpg,"UGREEN M.2 SSD External Case, SSD Case, USB 3.2 Gen 2, 10 Gbps Transfer Speed, NVME/SATA Compatible, Silicone Case, 8 TB Large Capacity, 2230/2242/2260/2280 M, Key/B+M Keys, SSD, Aluminum, ssd m.2 Case, Mac OS/Android/Windows, etc"
B096RRKWN9,USB-C ケーブル 100W 0.5m,ケーブル,1444,1699,4.2,4447,50+ bought in past month,,Only 14 left in stock - order soon. Click here for details of availability.,https://www.amazon.co.jp/dp/B096RRKWN9,https://m.media-amazon.com/images/I/71VjNKN6nmL._AC_SY300_SX300_QL70_ML2_.jpg,"UGREEN L-Shaped USB C Cable [PD 100W/5A Fast Charging 0.5M] Nylon Braided USB-C Type C Cable Compatible with iPhone 17/16/15 Series, MacBook/Matebook/iPad/Chromebook/Pixel/Galaxy, etc. [Not Compatible"
B07DVYH34G,スマホホルダー,スマホアクセサリー,1383,1699,4.2,18026,200+ bought in past month,50748JP,In Stock Click here for details of availability. In Stock,https://www.amazon.co.jp/dp/B07DVYH34G,https://m.media-amazon.com/images/I/51aT33PyS6L._AC_SY300_SX300_QL70_ML2_.jpg,"UGREEN iPad Stand Tablet and Smartphone Compatible Adjustable Angle iPad Stand Stable ABS Material Non-slip Rubber Compatible with 4-12 inch iPads, Galaxy Tab, Note 6/5, LG, Sony, Nexus, Fire HD"
B0DGXGRHV8,スマホホルダー,スマホアクセサリー,1928,2599,4.3,1452,50+ bought in past month,45860,In Stock Click here for details of availability.,https://www.amazon.co.jp/dp/B0DGXGRHV8,https://m.media-amazon.com/images/I/71uX2aAUFaL._AC_SY300_SX300_QL70_ML2_.jpg,UGREEN iPad Stand - Tablet Desk Holder 360° Rotating Foldable Height and Angle Adjustable Portable Mount Aluminum Vertical iPad Stand Compatible with iPad 10/10.9/Pro 13 2024 12.9/Air 11/Mini 7
B07C7PRCGY,ルーター,ネットワーク機器,559,699,4.3,7268,100+ bought in past month,,In Stock Click here for details of availability.,https://www.amazon.co.jp/dp/B07C7PRCGY,https://m.media-amazon.com/images/I/61lKVQl0aoL._AC_SY300_SX300_QL70_ML2_.jpg,"UGREEN LAN Cable, Category 7, 1M RJ45 Connector, Gigabit 10Gbps/600MHz CAT7 Compliant, Ethernet Cable, STP, Claw Break Prevention, Shielded, Compatible with Modem, Router, PS5, PS4, Xbox, etc"
B0FRR5H6HW,USB-C ケーブル 240W 2m,ケーブル,1169,1680,4.8,165,200+ bought in past month,,In Stock Click here for details of availability.,https://www.amazon.co.jp/dp/B0FRR5H6HW,https://m.media-amazon.com/images/I/71uzs3YKTKL._AC_SY300_SX300_QL70_ML2_.jpg,"UGREEN USB C Cable, Right Angle 240W PD Fast Charging Right Angle Type C Charging Cord USB Type CtoC for MacBook and Laptops with E-Marker Chip, Compatible with Most Type-C Types Including MacBook Pro Air/iPad, iPhone 17/16/15 Series, 2M"
B0BW2XN9LD,スマホホルダー,スマホアクセサリー,1818,2299,4.5,1233,400+ bought in past month,15608,In Stock Click here for details of availability.,https://www.amazon.co.jp/dp/B0BW2XN9LD,https://m.media-amazon.com/images/I/61SS1qpFiLL._AC_SY300_SX300_QL70_ML2_.jpg,"UGREEN Smartphone Stand, Tabletop Aluminum Alloy, 2 Joints, Stepless Angle Adjustment, Foldable, Compatible with 4.7 - 7.9 Inch iPhone and Android Smartphones, 2023 Model, Metallic Gray"
B08RB17ZY1,ケーブル,ケーブル,799,999,4.1,10025,400+ bought in past month,,In Stock Click here for details of availability.,https://www.amazon.co.jp/dp/B08RB17ZY1,https://m.media-amazon.com/images/I/61LSHY4gVwL._AC_SY300_SX300_QL70_ML2_.jpg,"UGREEN 3.5mm Audio Cable, 4-Pole, Mini Plug, TRRS Headphone Cable, AUX Male to Male Stereo Mini Plug, High Durability Nylon Braid, Hi-Fi Sound Quality, 24K Gold Plated Plug, Omnidirectional"
B0DT9DY312,HDMI ケーブル,ケーブル,2885,3699,4.4,716,100+ bought in past month,15389,In Stock Click here for details of availability.,https://www.amazon.co.jp/dp/B0DT9DY312,https://m.media-amazon.com/images/I/61eXCONgkUL._AC_SX300_SY300_QL70_ML2_.jpg,"UGREEN 2K@30Hz HDMI Capture Board, 4K Input, Video Capture, 2 in 1, USB 3.0, Type C, Small and Lightweight, Game Live Delivery, Video Recording, Live Conference, Switch 2, Xbox PS4, PS5, OBS, Studio, Mac, Windows Linux, etc"
B0FG7DVV62,Condenser Microphone,その他,3249,4999,3.9,364,500+ bought in past month,65629,In Stock Click here for details of availability.,https://www.amazon.co.jp/dp/B0FG7DVV62,https://m.media-amazon.com/images/I/61HELDnjyGL._AC_SY300_SX300_QL70_ML2_.jpg,"UGREEN Condenser Microphone, Gaming Microphone, PC / Desktop Microphone, RGB Lighting, Unidirectional, Noise Reduction, One-Touch Mute, 7 RGB Lighting Modes, For YouTube, Live Communication/Game"
B0GZ5L9Q7F,ケーブル 1m,ケーブル,1758,2198,,,,,In Stock Click here for details of availability.,https://www.amazon.co.jp/dp/B0GZ5L9Q7F,https://m.media-amazon.com/images/I/71ZsutgwysL._AC_SX300_SY300_QL70_ML2_.jpg,UGREEN RCA ケーブル 1M オーディオケーブル ステレオ 音声ケーブル 2RCA to 2RCA（赤/白）変換 HiFi音質 24K金メッキコネクタ (× 2)
B0C4KWKZCF,ルーター,ネットワーク機器,7878,,4.7,149,,,In Stock Click here for details of availability.,https://www.amazon.co.jp/dp/B0C4KWKZCF,https://m.media-amazon.com/images/I/71R0Nvms+fL._AC_SY300_SX300_QL70_ML2_.jpg,UGREEN イーサネットケーブル 25フィート Cat 8 イーサネットケーブル 40Gbps 2000Mhz 高速 シールド 高耐久 フラットインターネットケーブル ゲーミングPC PS4/5/6 Xboxモデムルーターに対応 ケーブルクリップ20個付属
B0G92M3TC7,SDカードリーダー Type-C,SDカードリーダー,4124,,4.4,14,,CM498A,In Stock Click here for details of availability.,https://www.amazon.co.jp/dp/B0G92M3TC7,https://m.media-amazon.com/images/I/71TGeiYFeoL._AC_SY300_SX300_QL70_ML2_.jpg,UGREEN 9in1 USB-C ドッキングステーション デュアル4K@60Hz HDMI対応 USB-Cハブ 5Gbps高速データ転送 100W PD給電 SD/TFカードリーダー 170MB/s 40cmケーブル ノートPC対応 HP/ThinkPad/Dell向け
B0GD6SF5HS,HDMI ケーブル 2m,ケーブル,1999,,,,,,Usually ships within 1 to 2 months Click here for details of availability.,https://www.amazon.co.jp/dp/B0GD6SF5HS,https://m.media-amazon.com/images/I/71BtVyC3zdL._AC_SY300_SX300_QL70_ML2_.jpg,UGREEN HDMI 8K ケーブル 2M
B0CH7T76RX,マウス,マウス,5219,5799,4.3,682,50+ bought in past month,25164,In Stock Click here for details of availability.,https://www.amazon.co.jp/dp/B0CH7T76RX,https://m.media-amazon.com/images/I/61DpOzxGxiL._AC_SX300_SY300_QL70_ML2_.jpg,UGREEN 10Gbps USB-C Switcher USB3.2 Share USB-C & A Devices on 2 PCs for Mac 4-Port USB-C 3.2 Switcher Switch Keyboard/Mouse/Webcam/USB Mic/Printer for 2 USB C Laptops Includes 2 USB-C Cables & Remote
B0CGHP27ML,Thunderbolt 4 ドック,USBハブ・ドック,1104,1299,4.3,2279,300+ bought in past month,'35001',In Stock Click here for details of availability.,https://www.amazon.co.jp/dp/B0CGHP27ML,https://m.media-amazon.com/images/I/61uABugfkrL._AC_SY300_SX300_QL70_ML2_.jpg,"UGREEN USB C A Adapter, Type C to USB Converter, 2-Pack, USB-C to USB-A Conversion Connector, Fast Charging and Fast Transfer Syncing, Anti-Loss, Compatible with Thunderbolt 4/3, iPhone 15 Pro"
B0C9G1KX6X,キーボード ワイヤレス,キーボード,3674,4899,3.8,325,100+ bought in past month,25441,In Stock Click here for details of availability.,https://www.amazon.co.jp/dp/B0C9G1KX6X,https://m.media-amazon.com/images/I/61-SgJ1mlqL._AC_SY300_SX300_QL70_ML2_.jpg,"UGREEN Wireless Keyboard, Bluetooth & 2.4G, USB-C Rechargeable, Wireless, Thin, Japanese Layout, JIS Keyboard"
B0F6CT2RM6,NAS,ネットワーク機器,50890,59880,4.3,75,50+ bought in past month,DH4300 Plus,In Stock Click here for details of availability.,https://www.amazon.co.jp/dp/B0F6CT2RM6,https://m.media-amazon.com/images/I/617BtCatuBL._AC_SY300_SX300_QL70_ML2_.jpg,UGREEN NAS DH4300 Plus 4-Bay Desktop NAS 8GB LPDDR4X Memory (Non-Expandable) 2.5GbE Auto Backup NFC One-Touch Connection AI Album for Home/Office Network Storage 2-Year Warranty (No Hard Drive
B06XWSDGP6,スマホケース,スマホアクセサリー,934,1099,4.3,4754,300+ bought in past month,30847,In Stock Click here for details of availability.,https://www.amazon.co.jp/dp/B06XWSDGP6,https://m.media-amazon.com/images/I/61agLPSIF+L._AC_SY300_SX300_QL70_ML2_.jpg,"UGREEN 2.5-Inch HDD Case, HDD/SSD Case, USB 3.0 Connection Standard, USB A SATA 3.0 2.5 Type External Case, UASP Compatible, 5 Gbps High Speed Transfer Speeds, 6 TB Capacity, 0.3 inch (9.5 mm) / SSD Compatible, Hard Disk Case, No Tools Required, Compatible with Mac OS/Windows/Linux, etc., [Integrated Cable]"
B00MYT47EA,有線LAN アダプター USB2.0用 RJ45 イーサネット アダプタ 10/,その他,6334,,4.2,2951,,20253,In Stock Click here for details of availability.,https://www.amazon.co.jp/dp/B00MYT47EA,https://m.media-amazon.com/images/I/512y0qe2qML._AC_SY300_SX300_QL70_ML2_.jpg,UGREEN 有線LAN アダプター USB2.0用 RJ45 イーサネット アダプタ 10/100/Mbps Windows/Mac OS X/Linux/Chrome OS/Wii/Wii U等に対応 MacBook Air/Chromebook/Ultrabook/Surface等に最適 ホワイト
B0779V61XB,SDカードリーダー,SDカードリーダー,920,1150,4.2,14384,100+ bought in past month,40752,In Stock Click here for details of availability.,https://www.amazon.co.jp/dp/B0779V61XB,https://m.media-amazon.com/images/I/61u1Bl8-p8L._AC_SY300_SX300_QL70_ML2_.jpg,"UGREEN SD Card Reader, USB 3.0, Micro SD Reader, Ultra Small, Simultaneous Reading, High Speed Transfer, Compatible with MacOS, Windows, Computers, SD MicroSD, SDXC, SDHC and More (Black)"
B08VDF8PZB,スマホホルダー,スマホアクセサリー,2024,2599,4.4,9150,100+ bought in past month,40393,In Stock Click here for details of availability.,https://www.amazon.co.jp/dp/B08VDF8PZB,https://m.media-amazon.com/images/I/61pzFjdVEUL._AC_SY300_SX300_QL70_ML2_.jpg,"UGREEN Tablet Stand, Aluminum iPad Stand, Adjustable Angle, Foldable, for Illustration, iPad Pro, Galaxy Tab Note 6/5, LG, Sony, Nexus, Fire HD, Kindle, and More - Compatible with 4-12.9 inch (Space"
B07Y9BLTBP,スマホケース,スマホアクセサリー,1839,2099,4.2,338,100+ bought in past month,70499,In Stock Click here for details of availability.,https://www.amazon.co.jp/dp/B07Y9BLTBP,https://m.media-amazon.com/images/I/51SGTsHeeBL._AC_SY300_SX300_QL70_ML2_.jpg,UGREEN 2.5 Inch HDD Case [USB C 3.1 Gen 2 Connection Standard] HDD/SSD Case SATA 3.0 UASP Compatible 6Gbps High-Speed Transfer Rate External Case Up to 6TB Capacity 9.5mm/7mm Thickness HDD Compatible
B0CJXZJGVC,マウス ワイヤレス,マウス,1959,2299,3.9,1161,100+ bought in past month,35059,In Stock Click here for details of availability.,https://www.amazon.co.jp/dp/B0CJXZJGVC,https://m.media-amazon.com/images/I/51JjbIjAbpL._AC_SY300_SX300_QL70_ML2_.jpg,"UGREEN Long Range Bluetooth 5.4 Adapter for PC, Long Transmission Distance, USB Bluetooth Adapter(BR+EDR+BLE), Wireless Transfer for Bluetooth Mouse/Keyboard/Headphone/Speaker, Desktop / Laptop Win11/10/8.1 Support [TELEC Certified]"
B07Y825VFH,HDMI ケーブル 2m,ケーブル,7228,,4.4,5764,,,In Stock Click here for details of availability.,https://www.amazon.co.jp/dp/B07Y825VFH,https://m.media-amazon.com/images/I/71y3XIin7TL._AC_SY300_SX300_QL70_ML2_.jpg,UGREEN 10K 8K HDMI 2.1 Ultra High Speed HDMI Cable Certified Ultra High Speed 48Gbps Ultra High Speed 8K/60Hz UHD Dynamic HDR HDCP eARC 3D Ethernet Switch PS5 PS4 Xbox TV PC Monitor 2m
B0G5L73H17,スマホホルダー,スマホアクセサリー,5936,8480,4.7,19,100+ bought in past month,35048JP,In Stock Click here for details of availability.,https://www.amazon.co.jp/dp/B0G5L73H17,https://m.media-amazon.com/images/I/61AHIcLWj-L._AC_SY300_SX300_QL70_ML2_.jpg,UGREEN Switching Hub 2.5Gbps Metal Enclosure 6 Ports (5x2.5G RJ45 and 1x10G SFP+) Giga Support 10/100/1000/2500Mbps Gigabit LAN Cable Hub Splitter Wall Mount Plug & Play High Speed Power Saving
B07ZKFQ676,USB C Adapter OTG Type C Thunderbolt USB,その他,842,990,4.2,1277,50+ bought in past month,50281P,In Stock Click here for details of availability.,https://www.amazon.co.jp/dp/B07ZKFQ676,https://m.media-amazon.com/images/I/61ye3eenFGL._AC_SY300_SX300_QL70_ML2_.jpg,"UGREEN USB C Adapter OTG Type C Thunderbolt USB 3.0 Type C Converter 5Gbps High Speed Data Transfer with Strap for MacBook, iPad Pro, Xperia XZ and More USB-C Devices (2 Pack)"
B0DXF66SWR,マウス,マウス,7360,9200,4.2,697,200+ bought in past month,AK500,In Stock Click here for details of availability.,https://www.amazon.co.jp/dp/B0DXF66SWR,https://m.media-amazon.com/images/I/71WmC0HTLgL._AC_SY300_SX300_QL70_ML2_.jpg,"UGREEN HDMI KVM Switch 4K@60Hz 2 Monitors 2 Computers, 2 Input 2 Output Switch, 4 USB 3.0 Ports for Sharing 2 Monitors/Keyboard/Mouse/Printer between 2 Computers, Includes 4 HDMI Cables, 2 USB Cables"
B07G6W45VW,USB-C ケーブル 2m,ケーブル,1042,1390,4.3,4551,400+ bought in past month,,In Stock Click here for details of availability.,https://www.amazon.co.jp/dp/B07G6W45VW,https://m.media-amazon.com/images/I/61hXFKt7qTL._AC_SY300_SX300_QL70_ML2_.jpg,"UGREEN USB Type-C Cable, USB-A to USB-C Cable, L-Shaped, Nylon Braided, 3A Fast Charging, Quick Charge 3.0/2.0 Compatible, 56K Resistor Installed, Compatible with iPhone 15, etc., 6.6 ft (2 m)"
B088D3YNHR,スマホホルダー,スマホアクセサリー,1588,1869,3.4,7948,50+ bought in past month,80712,In Stock Click here for details of availability.,https://www.amazon.co.jp/dp/B088D3YNHR,https://m.media-amazon.com/images/I/61JE7L2deGL._AC_SY300_SX300_QL70_ML2_.jpg,UGREEN Car Mount 【Air Vent Type】 Magnetic Ultra Strong Magnet 360° Adjustable Smartphone Holder One-Handed Operation Easy Installation Compatible with 4.5-7.2 inch Multiple Models
B08P8X2DBZ,HDMI ケーブル,ケーブル,1439,1699,4.3,3217,200+ bought in past month,,In Stock Click here for details of availability.,https://www.amazon.co.jp/dp/B08P8X2DBZ,https://m.media-amazon.com/images/I/71ueqmxQmtL._AC_SY300_SX300_QL70_ML2_.jpg,"UGREEN Micro HDMI Cable HDMI to Micro HDMI Conversion Bi-directional Transmission High Durability 4K 60Hz 3D HDR ARC High Speed 18Gbps Compatible with TV, Camera, GoPro Hero 7 6 5, Raspberry Pi 4"
B0DSPXCBNX,Bluetoothアダプター v6.0,Bluetoothアダプター,3834,4499,4.4,1912,200+ bought in past month,,In Stock Click here for details of availability.,https://www.amazon.co.jp/dp/B0DSPXCBNX,https://m.media-amazon.com/images/I/61Yklg9qHiL._AC_SY300_SX300_QL70_ML2_.jpg,"UGREEN Bluetooth 6.0 Receiver for Old Stereo/Speakers/Wired Speakers/Home Audio System, Bluetooth Receiver, SBC/AAC/LDAC, 3.5mm + RCA, Low Latency, Hi-Res, Wireless Audio Adapter, [TELEC Certified]"
B09VZ1CBH1,スマホホルダー,スマホアクセサリー,2726,3559,4.5,1526,50+ bought in past month,90443,In Stock Click here for details of availability.,https://www.amazon.co.jp/dp/B09VZ1CBH1,https://m.media-amazon.com/images/I/51ZErWYJrBL._AC_SY300_SX300_QL70_ML2_.jpg,"UGREEN Tablet Stand, Foldable, iPad Stand, Tablet and Smartphone, Cell Phone Holder, Adjustable Height Angle, Aluminum, Stability, Non-Slip Rubber Compatible with 4-12.9 Inch such as iPad/iPad mini/iPad air/iPad Pro, Galaxy Tab S8/S7/S6, Note 6/5, LG, Sony, Nexus, Fire HD, Kindle"
B0982W65GH,ルーター,ネットワーク機器,1783,2099,4.4,1399,50+ bought in past month,,In Stock Click here for details of availability.,https://www.amazon.co.jp/dp/B0982W65GH,https://m.media-amazon.com/images/I/61jH211tVkL._AC_SY300_SX300_QL70_ML2_.jpg,"UGREEN LAN Cable, Category 8, RJ45, Mesh Material, Gigabit 40Gbps/2000MHz, CAT8 Compliant, Ethernet Cable, Prevents Clip Breakage, Shielded, Compatible with Modem, Router, PS3, PS4, Xbox and More"
B0CQPY5YWZ,HDMIスプリッター,HDMI関連,5584,6980,4.3,17,50+ bought in past month,25859,In Stock Click here for details of availability.,https://www.amazon.co.jp/dp/B0CQPY5YWZ,https://m.media-amazon.com/images/I/617iKCDpiAL._AC_SY300_SX300_QL70_ML2_.jpg,"UGREEN HDMI Splitter, 1 Input, 4 Outputs, 8K @ 60Hz, HDMI Splitter, 4 Screens, Simultaneous Output for 3D/HDR Video Support, HDCP2.3 (Win XP/7/8/8.1/10/11, MacOS, Linux, DVD, PS5/PS4/Xbox, Switch, 5V2A Power Adapter Included"
B00P0C4M3Y,ケーブル,ケーブル,5346,,4.6,19947,,,In Stock Click here for details of availability.,https://www.amazon.co.jp/dp/B00P0C4M3Y,https://m.media-amazon.com/images/I/61B3I8UrRvL._AC_SY300_SX300_QL70_ML2_.jpg,Ugreen USB 3.0 Converter Cable Type A Male to Micro Type B Male for Samsung Galaxy S5/Note 3/Note 4/Lumia2520 Samsung Galaxy Note Pro 12.2 /Tab Pro 12.2 and More Tablets Micro USB 3.0 Data Transfer to
B00QV1F19W,LAN ケーブル CAT7 2m,LANケーブル,5217,,4.6,11529,,,In Stock Click here for details of availability.,https://www.amazon.co.jp/dp/B00QV1F19W,https://m.media-amazon.com/images/I/61lKVQl0aoL._AC_SY300_SX300_QL70_ML2_.jpg,UGREEN LANケーブル CAT7準拠 ギガビット 爪折れ防止 10Gbps/600MHz カテゴリー7 シールド イーサネット RJ45 モデム パッチパネル アクセスポイント等に対応 フラット 2m
B00QV2KJJS,ケーブル,ケーブル,6110,,4.6,1307,,20311P5,In Stock Click here for details of availability.,https://www.amazon.co.jp/dp/B00QV2KJJS,https://m.media-amazon.com/images/I/61voQCpPyiL._AC_SY300_SX300_QL70_ML2_.jpg,UGREEN RJ45 LANケーブル用中継コネクタ コンパクト ギガビット RJ45 延長 コネクタ プラグ 8P8C メス-メス 5個入り ホワイト
B00QV1F1C4,LAN ケーブル CAT7 1m,LANケーブル,5217,,4.6,24504,,,In Stock Click here for details of availability.,https://www.amazon.co.jp/dp/B00QV1F1C4,https://m.media-amazon.com/images/I/61lKVQl0aoL._AC_SY300_SX300_QL70_ML2_.jpg,UGREEN LANケーブル CAT7準拠 ギガビット 爪折れ防止 10Gbps/600MHz カテゴリー7 シールド イーサネット RJ45 モデム パッチパネル アクセスポイント等に対応 フラット 1m
B0C4Y2LTQQ,急速充電器,充電器,1173,1380,4.4,821,100+ bought in past month,50568PA,In Stock Click here for details of availability.,https://www.amazon.co.jp/dp/B0C4Y2LTQQ,https://m.media-amazon.com/images/I/61ddGCeXA1L._AC_SY300_SX300_QL70_ML2_.jpg,UGREEN Type-C USB Conversion Adapter 2-Pack Ultra-Compact Type-C Female to USB-A Male Conversion Connector Fast Charging High-Speed Data Transfer Compatible with Windows and Mac OS Includes Loss
B0CR6JS8J9,SDカードリーダー Type-C,SDカードリーダー,849,999,4.5,952,200+ bought in past month,35622,In Stock Click here for details of availability.,https://www.amazon.co.jp/dp/B0CR6JS8J9,https://m.media-amazon.com/images/I/616sP+CX7EL._AC_SY300_SX300_QL70_ML2_.jpg,"UGREEN SD Card Reader Type C Card Reader SD/TF Simultaneous Read/Write USB 3.0 OTG Function High-Speed Bi-Directional Data Transfer Type-C Interface Compatible with Android Phones, iPhone 15/Pro Max"
B00QV1F160,LAN ケーブル CAT7 3m,LANケーブル,5664,,4.7,9380,,,In Stock Click here for details of availability.,https://www.amazon.co.jp/dp/B00QV1F160,https://m.media-amazon.com/images/I/61lKVQl0aoL._AC_SY300_SX300_QL70_ML2_.jpg,"UGREEN CAT7 Compliant Gigabit LAN Cable, 10Gbps/600MHz, Category 7 Shield, Ethernet, RJ45, Modem, Patch Panel, Compatible with Access Points, Flat 9.8 ft (3 m)"
B00P0CMKGA,ケーブル 3m,ケーブル,,,4.4,600,,,Click here for details of availability.,https://www.amazon.co.jp/dp/B00P0CMKGA,https://m.media-amazon.com/images/I/6128EvZdfLL._AC_SY300_SX300_QL70_ML2_.jpg,UGREEN VGAケーブル オス-メス ディスプレイケーブル 1080P 金メッキコネクタ アナログRGBケーブル (3m)
B0DL58VDVZ,DP ケーブル,ケーブル,7005,,4.9,49,,,In Stock Click here for details of availability.,https://www.amazon.co.jp/dp/B0DL58VDVZ,https://m.media-amazon.com/images/I/71He1mrL7NL._AC_SY300_SX300_QL70_ML2_.jpg,UGREEN DP 2.1 ケーブル ディスプレイポート - ディスプレイポートケーブル 1.6フィート 新品
B0DLN4RLQF,HDMIスイッチャー,HDMI関連,2319,2899,4.2,2134,400+ bought in past month,55857,In Stock Click here for details of availability.,https://www.amazon.co.jp/dp/B0DLN4RLQF,https://m.media-amazon.com/images/I/61++s0S292L._AC_SY300_SX300_QL70_ML2_.jpg,"UGREEN HDMI Switcher, 3 Inputs 1 Output, 4K@60Hz, HDMi Selector, Remote Control, HDR10+, CEC, HDCP2.2 Compatible, HDMI Switcher, Compatible with Switch/PS5/4/3, Xbox TV, Fire Stick, Blu-Ray Player"
B0CT39ZSMZ,iPad Pencil,その他,2814,4299,4.1,1089,100+ bought in past month,35834,In Stock Click here for details of availability.,https://www.amazon.co.jp/dp/B0CT39ZSMZ,https://m.media-amazon.com/images/I/71SbWligdSL._AC_SY300_SX300_QL70_ML2_.jpg,"Ugreen iPad Pencil, Wireless/Type-C Rapid Charging, Touch Pen, Apple Pencil, Magnetic Suction Charging, Apple Pencil Replacement, Compatible with iPad/Air/mini/Pro, Pencil, Ultra Sensitive, Tilt Sensor, Prevents Malfunction Operation, Battery Life Display, Ultra Fine, No Delay, Lightweight, 3 Refills, White"
B0CPF4ZQM8,HDMIスイッチャー,HDMI関連,6480,8100,4.2,609,100+ bought in past month,CM693,In Stock Click here for details of availability.,https://www.amazon.co.jp/dp/B0CPF4ZQM8,https://m.media-amazon.com/images/I/71scEZwj-wL._AC_SY300_SX300_QL70_ML2_.jpg,"UGREEN HDMI Switcher, 5 Input, 1 Output, 8K @ 60Hz, Switcher, HDCP 2.3/HDMI 2.1, Manual Switching, HDR/3D, Compatible with Windows, MacOS, Linux, PS3/PS4/PS5/Switch, Power Adapter Included"
B00QV6Y19S,HDMI ケーブル 1m,ケーブル,5441,,4.6,2438,,,In Stock Click here for details of availability.,https://www.amazon.co.jp/dp/B00QV6Y19S,https://m.media-amazon.com/images/I/61yVAPQstBL._AC_SY300_SX300_QL70_ML2_.jpg,UGREEN HDMIケーブル 4K対応 L型90度 タイプAオス - タイプAオス ハイスピードHDMIケーブル 1m
B0FZZV1C89,USB-C Direct Plug Smart Pen,その他,2339,2599,4.9,14,50+ bought in past month,65571,In Stock Click here for details of availability.,https://www.amazon.co.jp/dp/B0FZZV1C89,https://m.media-amazon.com/images/I/71usaLsAtZL._AC_SY300_SX300_QL70_ML2_.jpg,UGREEN USB-C Direct Plug Smart Pen
B0FK4JMSCH,USB-C ケーブル 240W 0.5m,ケーブル,996,1390,4.2,146,100+ bought in past month,,In Stock Click here for details of availability.,https://www.amazon.co.jp/dp/B0FK4JMSCH,https://m.media-amazon.com/images/I/71H7v+V6ZPL._AC_SY300_SX300_QL70_ML2_.jpg,"UGREEN USB C Cable, 240 W, USB-IF Certified, PD Fast Charging, Data Transfer, Compatible with MacBook Pro/Air, iPhone 17/16/15, Pro Max, iPad Pro/Air, Various Types of 0.5 m"
B0DCNSZCYT,イヤホン Bluetooth,イヤホン・ヘッドホン,2724,3499,3.8,3123,400+ bought in past month,,In Stock Click here for details of availability.,https://www.amazon.co.jp/dp/B0DCNSZCYT,https://m.media-amazon.com/images/I/61EYUKgx9CL._AC_SY300_SX300_QL70_ML2_.jpg,"UGREEN Transmitter & Receiver, Bluetooth 6.0, 2-in-1 Wireless Airplane/Car/TV/Home Transmitter & Receiver for Airpods/Headphones Dual Pair, Bluetooth 3.5mm Aux Audio Transmitter/Receiver SBC/AAC"
B0CLH439BT,Thunderbolt 4 ドック,USBハブ・ドック,2399,2999,4.6,755,,,In Stock Click here for details of availability.,https://www.amazon.co.jp/dp/B0CLH439BT,https://m.media-amazon.com/images/I/814PsSFGfgL._AC_SX300_SY300_QL70_ML2_.jpg,"UGREEN 16K 30Hz USB C to DisplayPort Conversion Cable, DP2.1 16K 8K 40Gbps Thunderbolt 4/3 Type-C to DisplayPort Conversion, Unidirectional Transmission, DisplayPort Cable Compatible with iPhone 15"
B0GGGVB1H8,スマホホルダー,スマホアクセサリー,2398,2999,4.4,70,200+ bought in past month,45929,In Stock Click here for details of availability.,https://www.amazon.co.jp/dp/B0GGGVB1H8,https://m.media-amazon.com/images/I/51jhMab6YwL._AC_SY300_SX300_QL70_ML2_.jpg,"UGREEN Laptop Stand, Ultra Lightweight 27.6 oz (775 g), Tablet Stand, Neck and Waist Friendly, Adjustable Height, Aluminum Composite Material, Hollow Heat Dissipation for Improved Cooling Effect"
B09H525QMC,スマホホルダー,スマホアクセサリー,723,999,4.1,9975,100+ bought in past month,80908,In Stock Click here for details of availability.,https://www.amazon.co.jp/dp/B09H525QMC,https://m.media-amazon.com/images/I/71aBI7dXJXL._AC_SY300_SX300_QL70_ML2_.jpg,"UGREEN Smartphone Stand, Tabletop, Mobile Phone Stand, Small, ABS Material, iPhone 13 / 12 / Mini / Pro / ProMax Stand, Foldable, 100° Adjustable Angle, Compatible with 4 - 7.9 Inch iPhones, Android"
B07D726F8H,スマホホルダー,スマホアクセサリー,798,999,4.2,16767,200+ bought in past month,50747JP,In Stock Click here for details of availability.,https://www.amazon.co.jp/dp/B07D726F8H,https://m.media-amazon.com/images/I/51g0OxOVLAL._AC_SY300_SX300_QL70_ML2_.jpg,"UGREEN Smartphone Stand, Mobile Stand, Tabletop, Medium, Foldable, iPhone 14/13/12, Pro Max, Adjustable Angle, Compatible with 4-7.9 Inch iPhone/Android Smartphones, Tablets, Smartphone Stand, Black"
B06WWQ7KLV,HDMI ケーブル,ケーブル,5441,,4.6,6458,,,In Stock Click here for details of availability.,https://www.amazon.co.jp/dp/B06WWQ7KLV,https://m.media-amazon.com/images/I/61hgqWdJuPL._AC_SY300_SX300_QL70_ML2_.jpg,UGREEN Micro HDMI to HDMI Cable Adapter 4K 60Hz Ethernet Audio Return for GoPro Hero 7 Black Hero 5 4 6 Raspberry Pi 4 Sony A6000 A6300 Camera Nikon B500 Yoga 3 Pro Yoga 710
B0DL5N669T,マウス ワイヤレス 4000DPI,マウス,2079,2474,4.1,1404,50+ bought in past month,55916,In Stock Click here for details of availability.,https://www.amazon.co.jp/dp/B0DL5N669T,https://m.media-amazon.com/images/I/61YhCCwUX7L._AC_SY300_SX300_QL70_ML2_.jpg,UGREEN 2.4G Mouse Wireless Vertical Ergonomic 6 Button Mouse Prevents Mouse Arm 1000/1600/2000/4000 DPI Compatible with Windows/Mac OS etc. Black
B0GZ9FFJ8D,LAN ケーブル CAT8,LANケーブル,,,4.4,1399,,,Click here for details of availability.,https://www.amazon.co.jp/dp/B0GZ9FFJ8D,https://m.media-amazon.com/images/I/61jH211tVkL._AC_SY300_SX300_QL70_ML2_.jpg,UGREEN LANケーブル CAT8 10M RJ45 メッシュ素材 ギガビット40Gbps/2000MHz CAT8準拠 イーサネットケーブル 爪折れ防止 シールド モデム ルータ PS3 PS4 Xbox等に対応 10M (× 6)
B07RLXYFZW,ケーブル 1m,ケーブル,550,,4.7,1597,200+ bought in past month,,In Stock Click here for details of availability.,https://www.amazon.co.jp/dp/B07RLXYFZW,https://m.media-amazon.com/images/I/61NbR5yi04L._AC_SY300_SX300_QL70_ML2_.jpg,"UGREEN Micro-B Cable, 3.3 ft (1 m)"
B07V3RX8RQ,HDMI ケーブル 2m,ケーブル,2379,2799,4.1,1097,100+ bought in past month,,In Stock Click here for details of availability.,https://www.amazon.co.jp/dp/B07V3RX8RQ,https://m.media-amazon.com/images/I/61W0Y16bFdL._AC_SY300_SX300_QL70_ML2_.jpg,"UGREEN DisplayPort HDMI Conversion Cable, 6.6 ft (2 m), Active Type, 4K @ 60Hz/DP Input HDMI Output/Unidirectional Transmission, Display Port, Converter Adapter, Aluminum, Compatible with PC, TV"
B0CG1W5K7C,マウス,マウス,3919,4899,4.2,829,200+ bought in past month,15166A,In Stock Click here for details of availability.,https://www.amazon.co.jp/dp/B0CG1W5K7C,https://m.media-amazon.com/images/I/716PtrSKIEL._AC_SX300_SY300_QL70_ML2_.jpg,"UGREEN HDMI KVM Switcher, 2 Inputs, 1 Output, Keyboard, Mouse, Monitor Share for 2 PCs, 4K @ 60Hz, USB 2.0, 4 Ports, Switcher, Only for HDMI 2.0, No Driver Required, Easy Connection, Hand Switch & USB"
B0DMF7PTYJ,マウス,マウス,11199,13999,3.9,313,50+ bought in past month,55397,In Stock Click here for details of availability.,https://www.amazon.co.jp/dp/B0DMF7PTYJ,https://m.media-amazon.com/images/I/71ppmpGrMxL._AC_SY300_SX300_QL70_ML2_.jpg,"UGREEN 8K@60Hz HDMI KVM Switcher for 4 Computers with 4 USB 3.0 Ports, Aluminum KVM Switch, 4 Inputs and 1 Output, Compatible with 4K@240H, 1 Monitor/Keyboard/Mouse/Hard Drive/Printer, Includes 4 HDMI Cables, 4 USB Cables, 4 Desktop Controller"
B0G255KG5V,USB C to HDMI Converter Adapter,その他,1919,2699,4.6,65,100+ bought in past month,CM491,In Stock Click here for details of availability.,https://www.amazon.co.jp/dp/B0G255KG5V,https://m.media-amazon.com/images/I/61--tdJocZL._AC_SY300_SX300_QL70_ML2_.jpg,"UGREEN USB C to HDMI Converter Adapter, 8K @ 60Hz, HDMI 2.1, 48Gbps, Type-C HDMI, DP 1.4 to HDMI 2.1, Supports HDR, Dolby Atmos, Mirror/Extension Modes, USB-C Video Output, Compatible with Laptops"
B0DXDVLV4W,スマホホルダー,スマホアクセサリー,979,1399,4.5,1077,100+ bought in past month,65995,In Stock Click here for details of availability.,https://www.amazon.co.jp/dp/B0DXDVLV4W,https://m.media-amazon.com/images/I/41QOlXLvCHL._SX342_SY445_QL70_ML2_.jpg,"UGREEN 6-Piece Set Magnetic Cable Holder, Small Cable Clip, Wire Stop, Wire Organization, Adhesive, Strong Adhesive USB Wiring Storage, Cord and Cable Organizer, Desktop, Desk, Table, Wall, Car"
B0D9BPF22H,スマホホルダー MagSafe,スマホアクセサリー,2337,2750,4.2,954,50+ bought in past month,45577,In Stock Click here for details of availability.,https://www.amazon.co.jp/dp/B0D9BPF22H,https://m.media-amazon.com/images/I/61Nt88GgvdL._AC_SY300_SX300_QL70_ML2_.jpg,UGREEN Magnetic Smartphone Holder MagSafe Compatible Car Mount 360° Rotatable Aluminum Alloy Extendable Arm Dashboard Super Strong Magnet MagSafe Cell Phone Holder with Metal Ring Compatible with
B0D2QXRW9K,スマホケース MagSafe,スマホアクセサリー,1726,2159,4.4,2484,50+ bought in past month,45376,In Stock Click here for details of availability.,https://www.amazon.co.jp/dp/B0D2QXRW9K,https://m.media-amazon.com/images/I/61aqe952lmL._AC_SY300_SX300_QL70_ML2_.jpg,"UGREEN Smartphone Stand, 360° Rotation, Magnetic, Foldable, Mobile Stand, Highly Stable, MagSafe Case, Convenient to Carry, Adjustable Height, iPhone Stand, Compatible with iPhone 16/15/14/13/12, Pro"
B07MGTVWX4,USB-Cハブ,USBハブ・ドック,1699,1899,4.1,281,,50985,In Stock Click here for details of availability.,https://www.amazon.co.jp/dp/B07MGTVWX4,https://m.media-amazon.com/images/I/51CIbYdI13L._AC_SY300_SX300_QL70_ML2_.jpg,UGREEN USB 3.0 Hub 4 Ports Extension USB Hub USB C Power Supply Self Powered/Bus Power USB High Speed Hub Lightweight for PS5 PS4 Windows/Mac OS with LED Lamp(4A-15CM)
B0CFFFY29N,スマホホルダー,スマホアクセサリー,1999,,3.9,346,,25921,In Stock Click here for details of availability.,https://www.amazon.co.jp/dp/B0CFFFY29N,https://m.media-amazon.com/images/I/61QFQF6m2+L._AC_SY300_SX300_QL70_ML2_.jpg,"UGREEN Smartphone Holder, Car Vent, Smartphone Stand, For Cars, Metal Hook, 360° Rotation, Compatible with 4.7 - 7.2 inch Models, such as iPhone 15 Pro Max Galaxy S23 HUAWEI Xperia AQUOS"
B0F9YF3QMX,WiFi 7 Wireless LAN Adapter with USB 3.0,その他,7759,9699,4.3,209,50+ bought in past month,65813,In Stock Click here for details of availability.,https://www.amazon.co.jp/dp/B0F9YF3QMX,https://m.media-amazon.com/images/I/61l5Pczs1sL._AC_SY300_SX300_QL70_ML2_.jpg,"UGREEN WiFi 7 Wireless LAN Adapter with USB 3.0 Type-C High Speed Tri-Band 2.4G/5G/6G Dual High Gain Antenna, Supports Station/Soft AP Modes, WPA3 Security, Supports Online Gaming/4K Video Streaming"
B00LM4OMUW,USB 延長ケーブル,USB延長ケーブル,1019,1199,4.1,16948,100+ bought in past month,,In Stock Click here for details of availability.,https://www.amazon.co.jp/dp/B00LM4OMUW,https://m.media-amazon.com/images/I/61qMwfBQXtL._AC_SY300_SX300_QL70_ML2_.jpg,"UGREEN 3.5mm Audio Extension Cable, 3-Pole/TRS Earphone Extension Cord, AUX Headphones, Hi-Fi Sound Play, Multiple Shielding, 24K Gold Plated Connectors, Compatible with Smartphones, Android, iPhones"
B0CR6JRC9X,Webカメラ,カメラ・キャプチャ,4799,5999,4.2,324,,35626,In Stock Click here for details of availability.,https://www.amazon.co.jp/dp/B0CR6JRC9X,https://m.media-amazon.com/images/I/71-x7FuptPL._AC_SY300_SX300_QL70_ML2_.jpg,UGREEN Webcam USB Web Camera 2K 4 Million Pixels 91° Super Wide Viewing Angle Auto Focus Built-in Microphone Automatic Light Correction PC Camera for Windows Mac OS Youtube Skype Zoom Microsoft Teams
B08CS89RJJ,SDカードリーダー Type-C,SDカードリーダー,1614,1899,4.2,2101,50+ bought in past month,80798,In Stock Click here for details of availability.,https://www.amazon.co.jp/dp/B08CS89RJJ,https://m.media-amazon.com/images/I/6176KzDZ6+L._AC_SY300_SX300_QL70_ML2_.jpg,"UGREEN 3-in-1 USB C SD Card Reader with USB Port Expansion, Multi-functional for MicroSD/SD Card/UHS-I Cards, High-Speed Data Transfer, Type C Card Reader Compatible with Mac, Windows, Android Devices"
B086G7VHP3,ルーター,ネットワーク機器,678,799,4.4,8115,100+ bought in past month,,In Stock Click here for details of availability.,https://www.amazon.co.jp/dp/B086G7VHP3,https://m.media-amazon.com/images/I/71IMYh8I2vL._AC_SY300_SX300_QL70_ML2_.jpg,"UGREEN LAN Cable CAT7 (0.5M) Mesh LAN Cable Category 7 Connector Ultra-Speed 10Gbps/600MHz CAT7 Compliant Ethernet Cable Scratch-Resistant Shielded Modem Router Compatible with PS3, PS4, Xbox, etc"
B00QV0K2DI,LAN ケーブル CAT6 0.5m,LANケーブル,791,990,4.2,5579,50+ bought in past month,,In Stock Click here for details of availability.,https://www.amazon.co.jp/dp/B00QV0K2DI,https://m.media-amazon.com/images/I/51cOJKZphUL._AC_SY300_SX300_QL70_ML2_.jpg,UGREEN LAN Cable CAT6 Extension Cable Lan Cable Gigabit Network Cable RJ45 Cable Compatible with Cat5e Cat6 Cat7 Cat8 LAN Network (0.5M)
B07B471SH4,スマホケース,スマホアクセサリー,879,1099,4.2,740,400+ bought in past month,40816JP,In Stock Click here for details of availability.,https://www.amazon.co.jp/dp/B07B471SH4,https://m.media-amazon.com/images/I/61AckEKfy8L._AC_SY300_SX300_QL70_ML2_.jpg,"UGREEN Earphone Case, Cable Cover, Mini Box with Inner Net Pocket, Charging Adapter, USB Memory, Compatible with Airpods, Bose, SD, TF Card, Keys, etc"
B081GFKZR9,Lightning ケーブル 2m,ケーブル,1439,1700,4,2725,100+ bought in past month,,In Stock Click here for details of availability.,https://www.amazon.co.jp/dp/B081GFKZR9,https://m.media-amazon.com/images/I/61FCW0Te9iL._AC_SY300_SX300_QL70_ML2_.jpg,UGREEN L-Shaped USB C to Lightning Cable [MFi Certified] Lightning Cable with Power Delivery Support 3A Fast Charging Compatible with iPhone 14 / iPhone 13/12 etc. Nylon Braided (2M)
B0DGXFNVLD,Webカメラ,カメラ・キャプチャ,3739,4399,4.5,2026,,55721,In Stock Click here for details of availability.,https://www.amazon.co.jp/dp/B0DGXFNVLD,https://m.media-amazon.com/images/I/61AD7GNZiBL._AC_SY300_SX300_QL70_ML2_.jpg,"UGREEN 2K Webcam, PC Web Camera Ultra HD 1080P with Built-in Microphone and Privacy Cover, Automatic Light Correction, 80° Ultra-Wide Viewing Angle, USB Web Camera for PC, Streaming, Meetings, Video"
B08R19PGD6,スマホホルダー,スマホアクセサリー,2563,3199,3.9,1576,100+ bought in past month,30422,In Stock Click here for details of availability.,https://www.amazon.co.jp/dp/B08R19PGD6,https://m.media-amazon.com/images/I/61GdMemu3oL._AC_SY300_SX300_QL70_ML2_.jpg,"UGREEN Tablet Arm Stand While Sleeping, Compatible with 4.0 - 12.9 Inches, Carbon Steel Material, iPad Arm, Bed, 360 Rotation, Smartphone Stand, Compatible with iPhone/Android/iPad/Kindle/Switch/Surface, Japanese Instruction Manual Included"
B0BMVHC1N9,SDカードリーダー,SDカードリーダー,1602,1980,4.5,1409,200+ bought in past month,50443,In Stock Click here for details of availability.,https://www.amazon.co.jp/dp/B0BMVHC1N9,https://m.media-amazon.com/images/I/61ZoXXjH6jL._AC_SY300_SX300_QL70_ML2_.jpg,UGREEN USB C 4 in 1 SD MicroSD CF MS Card Reader Read 4 Cards Simultaneously 2TB Max High Speed Transfer SD SDXC SDHC MM CRS-MMC UHS-I Card Support Windows Mac OS Android
B08CS788Q8,SDカードリーダー,SDカードリーダー,1699,,4.2,4706,50+ bought in past month,80887,In Stock Click here for details of availability.,https://www.amazon.co.jp/dp/B08CS788Q8,https://m.media-amazon.com/images/I/61znwFuIH7L._AC_SY300_SX300_QL70_ML2_.jpg,"UGREEN 2-in-1 MicroSD Card Reader, USB 3.0, 5 Gbps, High Speed Data Transfer, SD/TF Card, Simultaneous Reading, Aluminum Alloy, Good Heat Dissipation, Window, Mac, Linux, Compatible with a Wide Range of Computers"
B0CPY5Y7Y3,HDMIスイッチャー,HDMI関連,2639,3299,4.2,581,50+ bought in past month,90385A,In Stock Click here for details of availability.,https://www.amazon.co.jp/dp/B0CPY5Y7Y3,https://m.media-amazon.com/images/I/71cWxJcRwEL._AC_SY300_SX300_QL70_ML2_.jpg,"UGREEN HDMI 2.1 Switcher 8K@60Hz HDMI Switch, Bi-directional, 2 Input 1 Output, Ultra HD Compatible, 4K@120Hz, 3D, HDR Dolby; 48Gbps Compatible with PS4/PS5, Fire Stick, Xbox, Switch, TV"
